itemcode,etfTabCode,itemname,nowVal,risefall,changeVal,changeRate,nav,threeMonthEarnRate,quant,amonut,marketSum,collected_at,category
069500,1,KODEX 200,109345,5,-1400,-1.26,109554.0,-14.7221,9499619,1048856,254008,2026-10-07 02:28:25,국내 대표지수
360750,4,TIGER 미국S&P500,26045,2,70,0.27,26025.0,-8.8128,13854780,360533,211043,2026-10-07 02:28:25,해외 주식
133690,4,TIGER 미국나스닥100,185300,2,50,0.03,185462.0,-7.5076,1839120,340812,122706,2026-10-07 02:28:25,해외 주식
379800,4,KODEX 미국S&P500,23675,2,70,0.3,23656.0,-8.8466,11465445,271218,104963,2026-10-07 02:28:25,해외 주식
488770,7,KODEX 머니마켓액티브,105747,2,12,0.01,105769.0,0.8633,260115,27506,104616,2026-10-07 02:28:25,기타
396500,2,TIGER 반도체TOP10,39475,5,-635,-1.58,39519.0,-9.8652,3718522,148288,104451,2026-10-07 02:28:25,국내 업종/테마
102110,1,TIGER 200,109625,5,-1430,-1.29,109830.0,-14.5276,5884301,651398,102609,2026-10-07 02:28:25,국내 대표지수
379810,4,KODEX 미국나스닥100,27710,2,5,0.02,27731.0,-7.4327,10389896,287923,101654,2026-10-07 02:28:25,해외 주식
278530,1,KODEX 200TR,39610,5,-555,-1.38,39678.0,-14.4425,455311,18210,76942,2026-10-07 02:28:25,국내 대표지수
459580,6,KODEX CD금리액티브(합성),1074237,2,377,0.04,1074268.0,0.7402,351861,377982,69883,2026-10-07 02:28:25,채권/금리
381180,4,TIGER 미국필라델피아반도체나스닥,45910,5,-335,-0.72,46139.0,-10.1048,848112,39067,62621,2026-10-07 02:28:25,해외 주식
091160,2,KODEX 반도체,147250,5,-3810,-2.52,147428.0,-1.596,804729,119555,62029,2026-10-07 02:28:25,국내 업종/테마
498400,2,KODEX 200타겟위클리커버드콜,20415,5,-255,-1.23,20433.0,-14.3175,3721828,76517,59612,2026-10-07 02:28:25,국내 업종/테마
0167A0,2,SOL AI반도체TOP2플러스,19210,5,-430,-2.19,19237.0,-15.9787,4858360,94346,58879,2026-10-07 02:28:25,국내 업종/테마
122630,3,KODEX 레버리지,108815,5,-2990,-2.67,109160.0,-36.7011,6619713,733403,57835,2026-10-07 02:28:25,국내 파생
229200,1,KODEX 코스닥150,15475,5,-375,-2.37,15490.0,7.6035,10927234,171003,51880,2026-10-07 02:28:25,국내 대표지수
310970,1,TIGER MSCI Korea TR,49035,5,-665,-1.34,49086.0,-14.6415,1555,76,45504,2026-10-07 02:28:25,국내 대표지수
148020,1,RISE 200,110200,5,-1545,-1.38,110394.0,-14.5689,1342400,149698,44411,2026-10-07 02:28:25,국내 대표지수
395160,2,KODEX AI반도체TOP2플러스,42720,5,-570,-1.32,42763.0,-15.234,1968392,85185,42122,2026-10-07 02:28:25,국내 업종/테마
458730,4,TIGER 미국배당다우존스,13995,2,20,0.14,13981.0,-10.6232,758756,10610,41838,2026-10-07 02:28:25,해외 주식
0162Z0,7,RISE 삼성전자SK하이닉스채권혼합50,13705,5,-70,-0.51,13721.0,-7.2628,2562227,35271,41444,2026-10-07 02:28:25,기타
360200,4,ACE 미국S&P500,26320,2,60,0.23,26309.0,-8.7736,1161962,30560,39954,2026-10-07 02:28:25,해외 주식
381170,4,TIGER 미국테크TOP10 INDXX,31950,2,70,0.22,31926.0,-2.1936,228778,7305,39410,2026-10-07 02:28:25,해외 주식
357870,6,TIGER CD금리투자KIS(합성),58185,2,25,0.04,58186.0,0.7797,63033,3667,38978,2026-10-07 02:28:25,채권/금리
233740,3,KODEX 코스닥150레버리지,8315,5,-395,-4.54,8340.0,2.8942,36010036,306379,37833,2026-10-07 02:28:25,국내 파생
395270,2,HANARO Fn K-반도체,60935,5,-1065,-1.72,61019.0,-14.0084,869641,53673,37749,2026-10-07 02:28:25,국내 업종/테마
411060,5,ACE KRX금현물,25005,2,35,0.14,25011.0,-12.0465,294448,7375,37457,2026-10-07 02:28:25,원자재/원자재파생
423160,6,KODEX KOFR금리액티브(합성),110727,2,2,0.0,110724.0,0.7293,52933,5861,36974,2026-10-07 02:28:25,채권/금리
367380,4,ACE 미국나스닥100,31850,2,5,0.02,31879.0,-7.452,586570,18685,36309,2026-10-07 02:28:25,해외 주식
273130,6,KODEX 종합채권(AA-이상)액티브,110435,2,35,0.03,110441.0,0.3225,6337,699,35640,2026-10-07 02:28:25,채권/금리
102780,2,KODEX 삼성그룹,26825,5,-260,-0.96,26866.0,-10.5811,187287,5066,34121,2026-10-07 02:28:25,국내 업종/테마
0043B0,6,TIGER 머니마켓액티브,103917,2,37,0.04,103923.0,0.9425,68672,7136,32800,2026-10-07 02:28:25,채권/금리
487240,2,KODEX AI전력핵심설비,36095,5,-1370,-3.66,36095.0,-6.7166,4162175,155774,31728,2026-10-07 02:28:25,국내 업종/테마
455890,6,RISE 머니마켓액티브,55660,2,15,0.03,55668.0,0.8609,64944,3614,31430,2026-10-07 02:28:25,채권/금리
139260,2,TIGER 200 IT,145195,5,-3600,-2.42,145439.0,-13.3472,147942,21783,27674,2026-10-07 02:28:25,국내 업종/테마
472150,2,TIGER 배당커버드콜액티브,20045,5,-235,-1.16,20061.0,-14.5562,1656104,33441,27520,2026-10-07 02:28:25,국내 업종/테마
426030,4,TIME 미국나스닥100액티브,48450,5,-185,-0.38,48796.0,-12.2112,249050,12143,26870,2026-10-07 02:28:25,해외 주식
481050,6,KODEX CD1년금리플러스액티브(합성),1022470,2,375,0.04,1022194.0,0.8158,27630,28250,26662,2026-10-07 02:28:25,채권/금리
486290,4,TIGER 미국나스닥100타겟데일리커버드콜,10595,5,-15,-0.14,10610.0,-8.0572,731808,7753,26546,2026-10-07 02:28:25,해외 주식
278540,1,KODEX MSCI Korea TR,39040,5,-350,-0.89,39082.0,-15.2904,17563,691,24010,2026-10-07 02:28:25,국내 대표지수
449170,6,TIGER KOFR금리액티브(합성),112092,2,22,0.02,112081.0,0.7189,18120,2031,23679,2026-10-07 02:28:25,채권/금리
161510,2,PLUS 고배당주,24410,3,0,0.0,24442.0,-3.1366,204708,4996,23675,2026-10-07 02:28:25,국내 업종/테마
385540,6,RISE 종합채권(A-이상)액티브,103520,2,55,0.05,103526.0,0.4758,184,19,21699,2026-10-07 02:28:25,채권/금리
456600,4,TIME 글로벌AI인공지능액티브,58640,5,-920,-1.54,59017.0,-12.1081,56800,3354,21075,2026-10-07 02:28:25,해외 주식
0193T0,2,KODEX SK하이닉스단일종목레버리지,10300,5,-400,-3.74,10304.0,-57.7243,10803439,113036,20767,2026-10-07 02:28:25,국내 업종/테마
305720,2,KODEX 2차전지산업,15710,5,-275,-1.72,15729.0,13.3286,3169168,49769,20454,2026-10-07 02:28:25,국내 업종/테마
284430,6,KODEX 200미국채혼합50,20370,5,-145,-0.71,20382.0,-14.0891,227388,4651,19620,2026-10-07 02:28:25,채권/금리
214980,6,KODEX 단기채권PLUS,114597,2,12,0.01,114637.0,0.7447,4089,468,19476,2026-10-07 02:28:25,채권/금리
292150,2,TIGER 코리아TOP10,38165,5,-525,-1.36,38238.0,-15.8752,202549,7799,19369,2026-10-07 02:28:25,국내 업종/테마
442580,4,PLUS 글로벌HBM반도체,105070,5,-2180,-2.03,105519.0,-15.9154,441650,46788,17683,2026-10-07 02:28:25,해외 주식
294400,1,KIWOOM 200TR,143435,5,-2160,-1.48,143849.0,-14.5996,83584,12117,17643,2026-10-07 02:28:25,국내 대표지수
441640,4,KODEX 미국배당커버드콜액티브,12190,2,15,0.12,12185.0,-9.3076,294301,3586,17054,2026-10-07 02:28:25,해외 주식
368590,4,RISE 미국나스닥100,30860,5,-10,-0.03,30886.0,-7.4399,81012,2500,16479,2026-10-07 02:28:25,해외 주식
105190,1,ACE 200,109540,5,-1620,-1.46,109808.0,-14.5497,693491,76906,16431,2026-10-07 02:28:25,국내 대표지수
446770,4,ACE 글로벌반도체TOP4 Plus,81830,5,-1155,-1.39,81975.0,-10.9127,81590,6690,16366,2026-10-07 02:28:25,해외 주식
329200,2,TIGER 리츠부동산인프라,4040,2,5,0.12,4034.0,1.6222,1083232,4373,15776,2026-10-07 02:28:25,국내 업종/테마
477080,6,RISE CD금리액티브(합성),107815,2,30,0.03,107817.0,0.7571,3933,424,15578,2026-10-07 02:28:25,채권/금리
487230,4,KODEX 미국AI전력핵심인프라,20620,2,540,2.69,20775.0,-21.3803,568476,11788,15517,2026-10-07 02:28:25,해외 주식
0177N0,7,KODEX 삼성전자SK하이닉스채권혼합50,14435,5,-95,-0.65,14454.0,-7.2607,1496143,21713,15474,2026-10-07 02:28:25,기타
091230,2,TIGER 반도체,155465,5,-4615,-2.88,155915.0,-0.9587,98589,15498,15111,2026-10-07 02:28:25,국내 업종/테마
379780,4,RISE 미국S&P500,22715,2,65,0.29,22693.0,-8.8165,190888,4334,14992,2026-10-07 02:28:25,해외 주식
0193W0,2,KODEX 삼성전자단일종목레버리지,12925,5,-95,-0.73,12971.0,-38.6428,5212015,69521,14983,2026-10-07 02:28:25,국내 업종/테마
232080,1,TIGER 코스닥150,15755,5,-380,-2.36,15793.0,7.5308,6020725,95637,14948,2026-10-07 02:28:25,국내 대표지수
152100,1,PLUS 200,110925,5,-1625,-1.44,111195.0,-14.5711,427696,47956,14808,2026-10-07 02:28:25,국내 대표지수
226490,1,KODEX 코스피,70730,5,-830,-1.16,70874.0,-13.671,82687,5884,14111,2026-10-07 02:28:25,국내 대표지수
453850,6,ACE 미국30년국채액티브(H),6720,5,-15,-0.22,6736.0,-8.5199,535972,3601,13991,2026-10-07 02:28:25,채권/금리
390390,4,KODEX 미국반도체,57455,5,-550,-0.95,57656.0,-7.4104,380399,21931,13933,2026-10-07 02:28:25,해외 주식
0195S0,2,TIGER SK하이닉스단일종목레버리지,8740,5,-385,-4.22,8757.0,-57.3897,4633339,41102,13604,2026-10-07 02:28:25,국내 업종/테마
455850,2,SOL AI반도체소부장,30965,5,-1065,-3.33,31019.0,25.7804,2603451,81138,13547,2026-10-07 02:28:25,국내 업종/테마
466920,2,SOL 조선TOP3플러스,25080,5,-645,-2.51,25106.0,-22.1752,416261,10521,13330,2026-10-07 02:28:25,국내 업종/테마
469150,2,ACE AI반도체TOP3+,65115,5,-1570,-2.35,65403.0,-2.2286,158216,10419,13316,2026-10-07 02:28:25,국내 업종/테마
475630,7,TIGER CD1년금리액티브(합성),1079710,2,410,0.04,1079716.0,0.805,25072,27070,13204,2026-10-07 02:28:25,기타
448330,1,KODEX 삼성전자채권혼합,17695,2,15,0.08,17685.0,-1.8019,456907,8116,13077,2026-10-07 02:28:25,국내 대표지수
157450,6,TIGER 단기통안채,112860,2,35,0.03,112869.0,0.6467,25645,2894,12836,2026-10-07 02:28:25,채권/금리
494310,2,KODEX 반도체레버리지,101665,5,-5450,-5.09,102088.0,-20.2242,1681070,174019,12810,2026-10-07 02:28:25,국내 업종/테마
436140,6,SOL 종합채권(AA-이상)액티브,106810,2,105,0.1,106855.0,0.3338,310,33,12750,2026-10-07 02:28:25,채권/금리
465580,4,ACE 미국빅테크TOP7 Plus,24975,2,25,0.1,25008.0,0.3015,233199,5824,12575,2026-10-07 02:28:25,해외 주식
438080,7,ACE 미국S&P500미국채혼합50액티브,13780,2,10,0.07,13783.0,-10.3516,241489,3323,12402,2026-10-07 02:28:25,기타
487340,6,ACE 머니마켓액티브,106260,2,50,0.05,106265.0,0.9121,7098,754,12397,2026-10-07 02:28:25,채권/금리
153130,6,KODEX 단기채권,113320,2,40,0.04,113333.0,0.6334,4312,488,11897,2026-10-07 02:28:25,채권/금리
356540,6,ACE 종합채권(AA-이상)액티브,101735,2,55,0.05,101762.0,0.4048,80,8,11841,2026-10-07 02:28:25,채권/금리
497570,4,TIGER 미국필라델피아AI반도체나스닥,23300,5,-125,-0.53,23389.0,-6.4525,186369,4355,11638,2026-10-07 02:28:25,해외 주식
0183J0,4,TIGER 미국우주테크,7810,2,10,0.13,7908.0,-26.4845,893413,7023,11571,2026-10-07 02:28:25,해외 주식
0072R0,5,TIGER KRX금현물,11935,2,15,0.13,11953.0,-12.1592,644187,7712,11147,2026-10-07 02:28:25,원자재/원자재파생
0139F0,6,TIGER 12월자동연장금융채(AA-이상)액티브,102450,2,60,0.06,102445.0,0.9315,47,4,11032,2026-10-07 02:28:25,채권/금리
445290,2,KODEX 로봇액티브,31220,5,-900,-2.8,31267.0,-1.389,113629,3608,10802,2026-10-07 02:28:25,국내 업종/테마
469830,6,SOL 초단기채권액티브,54580,2,30,0.05,54578.0,0.8877,85392,4660,10679,2026-10-07 02:28:25,채권/금리
494300,4,KODEX 미국나스닥100데일리커버드콜OTM,8965,2,5,0.06,8981.0,-10.96,373114,3344,10615,2026-10-07 02:28:25,해외 주식
449180,4,KODEX 미국S&P500(H),17475,2,85,0.49,17457.0,3.6688,300480,5252,10537,2026-10-07 02:28:25,해외 주식
451540,6,TIGER 종합채권(AA-이상)액티브,53130,2,55,0.1,53126.0,0.3877,2000,106,10484,2026-10-07 02:28:25,채권/금리
494890,1,KODEX 200액티브,31505,5,-440,-1.38,31580.0,-15.0895,267854,8499,10208,2026-10-07 02:28:25,국내 대표지수
295040,1,SOL 200TR,40925,5,-660,-1.59,41088.0,-14.5836,27596,1140,10129,2026-10-07 02:28:25,국내 대표지수
479520,6,RISE KOFR금리액티브(합성),106700,2,40,0.04,106682.0,0.7129,8598,917,10059,2026-10-07 02:28:25,채권/금리
0117V0,2,TIGER 코리아AI전력기기TOP3플러스,18855,5,-755,-3.85,18867.0,-6.8853,1730739,33770,9993,2026-10-07 02:28:25,국내 업종/테마
305540,2,TIGER 2차전지테마,19970,5,-420,-2.06,20012.0,15.2302,603181,12045,9935,2026-10-07 02:28:25,국내 업종/테마
446720,4,SOL 미국배당다우존스,12830,2,15,0.12,12813.0,-10.765,170146,2180,9905,2026-10-07 02:28:25,해외 주식
0219E0,2,KODEX 200커버드콜액티브,8295,5,-100,-1.19,8298.0,,2406428,20086,9589,2026-10-07 02:28:25,국내 업종/테마
438100,7,ACE 미국나스닥100미국채혼합50액티브,15210,5,-10,-0.07,15200.0,-9.5125,156736,2380,9537,2026-10-07 02:28:25,기타
495050,1,RISE 코리아밸류업,31915,5,-455,-1.41,31981.0,-14.2926,32576,1044,9367,2026-10-07 02:28:25,국내 대표지수
315930,2,KODEX Top5PlusTR,77800,5,-825,-1.05,77952.0,-16.5739,3828,299,9336,2026-10-07 02:28:25,국내 업종/테마
237350,1,KODEX 코스피100,87170,5,-1135,-1.29,87306.0,-15.0676,73092,6420,9327,2026-10-07 02:28:25,국내 대표지수
449450,2,PLUS K방산,48600,5,-1955,-3.87,48602.0,-21.7658,199999,9826,9317,2026-10-07 02:28:25,국내 업종/테마
0048J0,6,KODEX 미국머니마켓액티브,13370,5,-20,-0.15,13364.0,-11.405,402490,5372,9250,2026-10-07 02:28:25,채권/금리
402970,4,ACE 미국배당다우존스,14245,2,5,0.04,14245.0,-10.7519,90410,1287,9217,2026-10-07 02:28:25,해외 주식
0195R0,2,TIGER 삼성전자단일종목레버리지,11775,5,-80,-0.67,11807.0,-39.4845,4249298,51322,9096,2026-10-07 02:28:25,국내 업종/테마
462330,2,KODEX 2차전지산업레버리지,1159,5,-41,-3.42,1164.0,15.942,61704175,71643,8892,2026-10-07 02:28:25,국내 업종/테마
498410,2,KODEX 금융고배당TOP10타겟위클리커버드콜,11355,2,30,0.26,11369.0,-2.4515,522774,5932,8789,2026-10-07 02:28:25,국내 업종/테마
475720,3,RISE 200위클리커버드콜,12615,5,-115,-0.9,12635.0,-8.5148,487499,6201,8742,2026-10-07 02:28:25,국내 파생
0117L0,6,KODEX 26-12 금융채(AA-이상)액티브,10190,2,10,0.1,10186.0,0.6923,3596,36,8727,2026-10-07 02:28:25,채권/금리
479080,6,1Q 머니마켓액티브,53955,2,20,0.04,53957.0,0.879,5483,295,8727,2026-10-07 02:28:25,채권/금리
0177R0,2,TIGER 반도체TOP10커버드콜액티브,12020,5,-210,-1.72,12033.0,-12.87,903127,10984,8558,2026-10-07 02:28:25,국내 업종/테마
490590,4,RISE 미국AI밸류체인데일리고정커버드콜,14645,2,85,0.58,14690.0,-3.8566,186187,2733,8465,2026-10-07 02:28:25,해외 주식
466940,2,TIGER 은행고배당플러스TOP10,25705,5,-50,-0.19,25725.0,-1.6327,261262,6742,8187,2026-10-07 02:28:25,국내 업종/테마
069660,1,KIWOOM 200,109165,5,-1605,-1.45,109500.0,-14.6157,223177,24636,8024,2026-10-07 02:28:25,국내 대표지수
272580,6,TIGER 단기채권액티브,57267,2,27,0.05,57267.0,0.8012,6739,385,7931,2026-10-07 02:28:25,채권/금리
0025N0,7,TIGER TDF2045 적격,11860,2,35,0.3,11875.0,-7.905,84355,999,7828,2026-10-07 02:28:25,기타
418660,4,TIGER 미국나스닥100레버리지(합성),42075,2,10,0.02,42152.0,-15.5237,91213,3840,7784,2026-10-07 02:28:25,해외 주식
441800,1,TIME Korea플러스배당액티브,28270,5,-140,-0.49,28308.0,-14.7143,46698,1326,7769,2026-10-07 02:28:25,국내 대표지수
495850,1,KODEX 코리아밸류업,31675,5,-425,-1.32,31726.0,-14.4687,32136,1026,7760,2026-10-07 02:28:25,국내 대표지수
252670,3,KODEX 200선물인버스2X,73,2,3,4.29,72.0,-7.8948,2544089864,180504,7660,2026-10-07 02:28:25,국내 파생
457480,4,ACE 테슬라밸류체인액티브,18235,5,-120,-0.65,18299.0,-18.2041,80919,1479,7531,2026-10-07 02:28:25,해외 주식
476550,6,TIGER 미국30년국채커버드콜액티브(H),6325,5,-5,-0.08,6350.0,-8.8224,304045,1925,7343,2026-10-07 02:28:25,채권/금리
456610,6,TIGER 미국달러SOFR금리액티브(합성),58455,5,-105,-0.18,58480.0,-11.3131,8487,495,7328,2026-10-07 02:28:25,채권/금리
367760,2,RISE 네트워크인프라,64250,5,-1500,-2.28,64297.0,-9.8451,95016,6175,7325,2026-10-07 02:28:25,국내 업종/테마
364980,2,TIGER 2차전지TOP10,10730,5,-160,-1.47,10739.0,14.2108,2064082,22126,7312,2026-10-07 02:28:25,국내 업종/테마
329750,6,TIGER 미국달러단기채권액티브,12695,5,-25,-0.2,12698.0,-11.8198,103506,1312,7274,2026-10-07 02:28:25,채권/금리
144600,5,KODEX 은선물(H),9855,2,35,0.36,9857.0,-2.8204,170630,1692,7253,2026-10-07 02:28:25,원자재/원자재파생
114800,3,KODEX 인버스,1001,2,14,1.42,1001.0,4.0042,410309517,406866,7216,2026-10-07 02:28:25,국내 파생
488080,3,TIGER 반도체TOP10레버리지,39690,5,-905,-2.23,39836.0,-33.9973,2260988,91603,7204,2026-10-07 02:28:25,국내 파생
481060,6,KODEX 미국30년국채타겟커버드콜(합성 H),6987,2,7,0.1,7033.0,-7.2389,164250,1148,7095,2026-10-07 02:28:25,채권/금리
0127P0,4,ACE 미국대형성장주액티브,10640,3,0,0.0,10638.0,-9.2014,10876,115,6996,2026-10-07 02:28:25,해외 주식
0101N0,2,RISE AI전력인프라,21950,5,-375,-1.68,21968.0,2.7854,358728,8095,6969,2026-10-07 02:28:25,국내 업종/테마
314250,4,KODEX 미국빅테크10(H),65405,2,395,0.61,65315.0,12.4878,38385,2512,6828,2026-10-07 02:28:25,해외 주식
0148J0,2,TIGER 코리아휴머노이드로봇산업,9985,5,-325,-3.15,9993.0,10.8602,1985438,20232,6820,2026-10-07 02:28:25,국내 업종/테마
0061Z0,6,RISE 단기특수은행채액티브,51155,2,15,0.03,51155.0,0.7684,575,29,6815,2026-10-07 02:28:25,채권/금리
482730,4,TIGER 미국S&P500타겟데일리커버드콜,11540,2,20,0.17,11530.0,-8.9819,152348,1757,6809,2026-10-07 02:28:25,해외 주식
290130,2,RISE ESG사회책임투자,48010,5,-810,-1.66,48067.0,-14.6429,32850,1589,6769,2026-10-07 02:28:25,국내 업종/테마
0167B0,2,SOL 200타겟위클리커버드콜,11685,5,-135,-1.14,11711.0,-14.1475,403072,4746,6637,2026-10-07 02:28:25,국내 업종/테마
471990,2,KODEX AI반도체핵심장비,31240,5,-1040,-3.22,31295.0,33.0448,1406169,44073,6607,2026-10-07 02:28:25,국내 업종/테마
434730,2,HANARO 원자력iSelect,56585,5,-1465,-2.52,56642.0,-8.6403,212268,12352,6564,2026-10-07 02:28:25,국내 업종/테마
423920,4,TIGER 미국필라델피아반도체레버리지(합성),94950,5,-1340,-1.39,96008.0,-25.3846,67206,6440,6561,2026-10-07 02:28:25,해외 주식
491010,4,TIGER 글로벌AI전력인프라액티브,25840,2,340,1.33,25932.0,-23.077,62884,1628,6548,2026-10-07 02:28:25,해외 주식
458760,4,TIGER 미국배당다우존스타겟커버드콜2호,10150,5,-5,-0.05,10153.0,-11.0316,104743,1062,6532,2026-10-07 02:28:25,해외 주식
0007F0,6,KODEX 27-12 회사채(AA-이상)액티브,10205,2,5,0.05,10214.0,0.9401,679,6,6494,2026-10-07 02:28:25,채권/금리
102970,2,KODEX 증권,17295,5,-135,-0.77,17319.0,-25.5466,255946,4433,6468,2026-10-07 02:28:25,국내 업종/테마
0015B0,4,KoAct 미국나스닥성장기업액티브,19720,5,-90,-0.45,19859.0,-15.0333,254431,5035,6419,2026-10-07 02:28:25,해외 주식
371460,4,TIGER 차이나전기차SOLACTIVE,8890,5,-40,-0.45,8989.0,-29.0707,62058,551,6376,2026-10-07 02:28:25,해외 주식
434060,7,KODEX TDF2050액티브 적격,16800,2,5,0.03,16736.0,-7.4663,40652,684,6376,2026-10-07 02:28:25,기타
466950,4,TIGER 글로벌AI액티브,32355,5,-60,-0.19,32526.0,-19.003,21156,689,6109,2026-10-07 02:28:25,해외 주식
0091P0,2,TIGER 코리아원자력,16650,5,-230,-1.36,16656.0,2.1791,1286825,21851,6019,2026-10-07 02:28:25,국내 업종/테마
491620,4,RISE 미국테크100데일리고정커버드콜,10515,3,0,0.0,10528.0,-6.9247,305755,3215,6015,2026-10-07 02:28:25,해외 주식
489250,4,KODEX 미국배당다우존스,12065,3,0,0.0,12064.0,-10.7076,111322,1342,5924,2026-10-07 02:28:25,해외 주식
0019K0,7,TIME 미국나스닥100채권혼합50액티브,13532,5,-38,-0.28,13604.0,-5.6657,163673,2224,5900,2026-10-07 02:28:25,기타
251600,7,PLUS 고배당주채권혼합,15195,2,25,0.16,15194.0,-0.8419,70650,1072,5896,2026-10-07 02:28:25,기타
496020,6,WON 전단채플러스액티브,52655,2,20,0.04,52664.0,0.9203,2578,135,5890,2026-10-07 02:28:25,채권/금리
477050,6,PLUS 머니마켓액티브,53700,2,30,0.06,53701.0,0.8929,16050,861,5806,2026-10-07 02:28:25,채권/금리
138540,2,TIGER 현대차그룹플러스,44455,5,-1240,-2.71,44483.0,-21.134,54622,2450,5779,2026-10-07 02:28:25,국내 업종/테마
449190,4,KODEX 미국나스닥100(H),23450,2,25,0.11,23482.0,5.1253,424462,9969,5769,2026-10-07 02:28:25,해외 주식
484790,6,KODEX 미국30년국채액티브(H),7740,5,-20,-0.26,7762.0,-8.286,219414,1698,5763,2026-10-07 02:28:25,채권/금리
462010,2,TIGER 2차전지소재Fn,5165,5,-195,-3.64,5173.0,11.3187,2948820,15350,5669,2026-10-07 02:28:25,국내 업종/테마
451000,6,PLUS 종합채권(AA-이상)액티브,107860,5,-15,-0.01,107889.0,0.3581,43,4,5666,2026-10-07 02:28:25,채권/금리
277630,1,TIGER 코스피,71780,5,-900,-1.24,71951.0,-13.3424,29012,2097,5599,2026-10-07 02:28:25,국내 대표지수
365780,6,ACE 국고채10년,82655,2,5,0.01,82605.0,-0.139,2367,195,5548,2026-10-07 02:28:25,채권/금리
0163Y0,1,KoAct 코스닥액티브,10900,5,-175,-1.58,10912.0,15.6054,1404154,15401,5308,2026-10-07 02:28:25,국내 대표지수
455030,6,KODEX 미국달러SOFR금리액티브(합성),11485,5,-45,-0.39,11498.0,-11.4039,27615,316,5295,2026-10-07 02:28:25,채권/금리
0105E0,2,SOL 코리아고배당,12605,5,-25,-0.2,12618.0,-3.7551,133501,1683,5263,2026-10-07 02:28:25,국내 업종/테마
435420,7,TIGER 미국나스닥100채권혼합50,14260,2,15,0.11,14260.0,-3.4728,129965,1852,5212,2026-10-07 02:28:25,기타
494670,2,TIGER 조선TOP10,19865,5,-555,-2.72,19880.0,-20.4209,279041,5591,5036,2026-10-07 02:28:25,국내 업종/테마
361580,1,RISE 200TR,62140,5,-870,-1.38,62271.0,-14.6785,971075,60960,5033,2026-10-07 02:28:25,국내 대표지수
315960,2,RISE 대형고배당10TR,76225,5,-910,-1.18,76369.0,-17.5512,32709,2512,4993,2026-10-07 02:28:25,국내 업종/테마
114260,6,KODEX 국고채3년,61920,5,-20,-0.03,61933.0,0.5764,4656,288,4983,2026-10-07 02:28:25,채권/금리
396520,4,TIGER 차이나반도체FACTSET,12020,5,-80,-0.66,12067.0,-38.1075,48515,583,4962,2026-10-07 02:28:25,해외 주식
438330,6,TIGER 우량회사채액티브,115890,2,65,0.06,115910.0,0.8664,5545,642,4958,2026-10-07 02:28:25,채권/금리
371160,4,TIGER 차이나항셍테크,6120,5,-55,-0.89,6102.0,-18.3775,102824,637,4951,2026-10-07 02:28:25,해외 주식
444200,2,SOL 코리아메가테크액티브,44660,5,-1150,-2.51,44711.0,-15.8292,6532,295,4935,2026-10-07 02:28:25,국내 업종/테마
448290,4,TIGER 미국S&P500(H),18090,2,95,0.53,18082.0,3.3036,74699,1352,4930,2026-10-07 02:28:25,해외 주식
476800,7,KODEX 한국부동산리츠인프라,4195,2,5,0.12,4189.0,0.2331,195181,818,4900,2026-10-07 02:28:25,기타
251350,4,KODEX MSCI선진국,38260,2,180,0.47,38183.0,-10.3206,11596,442,4897,2026-10-07 02:28:25,해외 주식
496080,1,TIGER 코리아밸류업,31770,5,-410,-1.27,31824.0,-14.289,40620,1302,4829,2026-10-07 02:28:25,국내 대표지수
463250,2,TIGER K방산&우주,32165,5,-1245,-3.73,32173.0,-17.4145,194952,6350,4777,2026-10-07 02:28:25,국내 업종/테마
483280,4,KODEX 미국AI테크TOP10타겟커버드콜,11975,2,15,0.13,11974.0,-2.2494,99211,1188,4730,2026-10-07 02:28:25,해외 주식
0173Y0,4,KODEX 미국AI광통신네트워크,12550,2,410,3.38,12776.0,-7.7724,1271011,16162,4662,2026-10-07 02:28:25,해외 주식
471230,6,KODEX 국고채10년액티브,104025,5,-20,-0.02,103958.0,-0.1536,2516,261,4661,2026-10-07 02:28:25,채권/금리
0190C0,2,RISE 현대차고정피지컬AI,7725,5,-205,-2.59,7732.0,-19.6148,346129,2708,4650,2026-10-07 02:28:25,국내 업종/테마
243880,2,TIGER 200IT레버리지,362600,5,-14210,-3.77,362101.0,-40.6832,44730,16627,4623,2026-10-07 02:28:25,국내 업종/테마
499660,7,TIGER CD금리플러스액티브(합성),1000910,2,370,0.04,1000913.0,0.7905,3840,3843,4559,2026-10-07 02:28:25,기타
490490,7,SOL 미국배당미국채혼합50,10375,2,25,0.24,10373.0,-13.7153,91794,952,4492,2026-10-07 02:28:25,기타
451060,1,1Q 200액티브,35095,5,-475,-1.34,35138.0,-14.5698,53451,1899,4422,2026-10-07 02:28:25,국내 대표지수
447770,7,TIGER 테슬라채권혼합Fn,13950,3,0,0.0,13982.0,-4.1815,105073,1465,4408,2026-10-07 02:28:25,기타
475300,2,SOL 반도체전공정,27180,5,-1370,-4.8,27275.0,20.3625,1590412,43931,4376,2026-10-07 02:28:25,국내 업종/테마
385550,6,RISE 단기채권알파액티브,114445,2,75,0.07,114484.0,0.7753,12759,1460,4332,2026-10-07 02:28:25,채권/금리
448300,4,TIGER 미국나스닥100(H),24190,2,30,0.12,24222.0,4.9618,266322,6452,4318,2026-10-07 02:28:25,해외 주식
474220,4,TIGER 미국테크TOP10타겟커버드콜,15095,2,10,0.07,15077.0,-3.0078,31457,474,4287,2026-10-07 02:28:25,해외 주식
293180,1,HANARO 200,109500,5,-1640,-1.48,109810.0,-14.5732,35348,3893,4271,2026-10-07 02:28:25,국내 대표지수
0210A0,2,ACE K반도체TOP2+,7900,5,-100,-1.25,7909.0,-13.0908,910795,7254,4250,2026-10-07 02:28:25,국내 업종/테마
0016X0,6,SOL 중단기회사채(A-이상)액티브,51655,2,30,0.06,51657.0,1.0076,224,11,4247,2026-10-07 02:28:25,채권/금리
385560,6,RISE KIS국고채30년Enhanced,51545,5,-55,-0.11,51537.0,-1.6257,6554,337,4243,2026-10-07 02:28:25,채권/금리
0023A0,4,SOL 미국양자컴퓨팅TOP10,23120,5,-215,-0.92,23196.0,-27.5873,65313,1516,4092,2026-10-07 02:28:25,해외 주식
426020,4,TIME 미국S&P500액티브,31935,2,5,0.02,31967.0,-10.7228,13334,426,4069,2026-10-07 02:28:25,해외 주식
241180,4,TIGER 일본니케이225,35957,5,-483,-1.33,35947.0,-8.0727,12434,449,4027,2026-10-07 02:28:25,해외 주식
480260,6,TIGER 27-04회사채(A+이상)액티브,53955,2,20,0.04,53964.0,0.8413,1054,56,3964,2026-10-07 02:28:25,채권/금리
148070,6,KIWOOM 국고채10년,104795,5,-15,-0.01,104714.0,-0.1239,1475,154,3937,2026-10-07 02:28:25,채권/금리
0060H0,1,TIGER 토탈월드스탁액티브,12455,2,40,0.32,12433.0,-10.5576,11599,144,3923,2026-10-07 02:28:25,국내 대표지수
474590,2,WON 반도체밸류체인액티브,50600,5,-885,-1.72,50745.0,-2.1291,28664,1453,3922,2026-10-07 02:28:25,국내 업종/테마
385720,1,TIME 코스피액티브,25600,5,-195,-0.76,25676.0,-14.7977,11017,284,3891,2026-10-07 02:28:25,국내 대표지수
302450,1,RISE 코스피,71295,5,-1055,-1.46,71478.0,-12.813,16230,1162,3886,2026-10-07 02:28:25,국내 대표지수
439860,6,KODEX ESG종합채권(A-이상)액티브,113950,2,45,0.04,114010.0,0.8142,16,1,3875,2026-10-07 02:28:25,채권/금리
0046A0,6,TIGER 미국초단기(3개월이하)국채,9280,5,-15,-0.16,9281.0,-11.5499,265439,2459,3852,2026-10-07 02:28:25,채권/금리
0094M0,2,RISE 코리아밸류업위클리고정커버드콜,17160,5,-200,-1.15,17172.0,-9.6932,1171515,20225,3818,2026-10-07 02:28:25,국내 업종/테마
476760,6,ACE 미국30년국채액티브,8125,5,-40,-0.49,8148.0,-19.9326,507921,4123,3811,2026-10-07 02:28:25,채권/금리
469070,2,RISE AI&로봇,11085,5,-400,-3.48,11094.0,5.5121,164664,1861,3713,2026-10-07 02:28:25,국내 업종/테마
0040Y0,7,SOL 팔란티어커버드콜OTM채권혼합,7875,3,0,0.0,7907.0,2.33,151446,1192,3642,2026-10-07 02:28:25,기타
385510,2,KODEX 신재생에너지액티브,41610,5,-840,-1.98,41723.0,14.8849,73003,3079,3599,2026-10-07 02:28:25,국내 업종/테마
0167Z0,4,KODEX 미국우주항공,7785,2,70,0.91,7891.0,-30.8824,441861,3456,3593,2026-10-07 02:28:25,해외 주식
310960,1,TIGER 200TR,63835,5,-940,-1.45,64002.0,-14.5449,23318,1505,3575,2026-10-07 02:28:25,국내 대표지수
270810,1,RISE 코스닥150,15385,5,-375,-2.38,15415.0,7.7238,79546,1239,3566,2026-10-07 02:28:25,국내 대표지수
442570,7,RISE TDF2050액티브 적격,17455,2,5,0.03,17369.0,-7.7408,46126,804,3552,2026-10-07 02:28:25,기타
091180,2,KODEX 자동차,25235,5,-430,-1.68,25263.0,-20.0797,49215,1248,3546,2026-10-07 02:28:25,국내 업종/테마
245710,4,ACE 베트남VN30(합성),27110,2,165,0.61,27391.0,-17.0413,13080,355,3497,2026-10-07 02:28:25,해외 주식
458250,6,TIGER 미국30년국채스트립액티브(합성 H),31015,5,-240,-0.77,31212.0,-14.8366,65397,2031,3492,2026-10-07 02:28:25,채권/금리
0144L0,4,KODEX 미국성장커버드콜액티브,9540,2,5,0.05,9528.0,-7.7647,85155,812,3482,2026-10-07 02:28:25,해외 주식
0182R0,2,1Q K반도체TOP2+,11265,5,-185,-1.62,11289.0,-15.7159,1033284,11799,3481,2026-10-07 02:28:25,국내 업종/테마
279530,2,KODEX 고배당주,17395,2,145,0.84,17415.0,-0.6502,69149,1198,3479,2026-10-07 02:28:25,국내 업종/테마
472170,7,TIGER 미국테크TOP10채권혼합,14170,2,10,0.07,14162.0,-0.8751,53974,764,3479,2026-10-07 02:28:25,기타
0131V0,4,1Q 미국우주항공테크,10710,2,10,0.09,10780.0,-20.3277,30529,327,3470,2026-10-07 02:28:25,해외 주식
0026S0,4,1Q 미국S&P500,12715,2,50,0.39,12702.0,-8.8654,83243,1058,3458,2026-10-07 02:28:25,해외 주식
462900,2,KoAct 바이오헬스케어액티브,13125,5,-180,-1.35,13144.0,-13.3508,694201,9221,3452,2026-10-07 02:28:25,국내 업종/테마
484880,2,SOL 금융지주플러스고배당,21850,5,-5,-0.02,21871.0,-2.3716,260773,5715,3409,2026-10-07 02:28:25,국내 업종/테마
132030,5,KODEX 골드선물(H),23210,2,85,0.37,23210.0,-1.2597,20067,467,3400,2026-10-07 02:28:25,원자재/원자재파생
0080G0,2,KODEX 방산TOP10,9710,5,-395,-3.91,9707.0,-17.1578,1597846,15707,3379,2026-10-07 02:28:25,국내 업종/테마
0052D0,2,TIGER 코리아배당다우존스,15180,2,55,0.36,15193.0,-3.1008,33912,515,3332,2026-10-07 02:28:25,국내 업종/테마
448630,7,RISE 삼성그룹Top3채권혼합,15355,5,-75,-0.49,15378.0,1.0478,91399,1408,3301,2026-10-07 02:28:25,기타
0098F0,2,KODEX 원자력SMR,15465,5,-215,-1.37,15478.0,-1.3216,999045,15740,3279,2026-10-07 02:28:25,국내 업종/테마
456880,7,ACE 미국달러SOFR금리(합성),11830,5,-20,-0.17,11833.0,-11.435,25575,302,3263,2026-10-07 02:28:25,기타
0043Y0,4,TIME 차이나AI테크액티브,18975,5,-90,-0.47,18977.0,-24.0741,15546,294,3235,2026-10-07 02:28:25,해외 주식
0094K0,6,TIGER 28-04 회사채(A+이상)액티브,99830,2,45,0.05,99853.0,0.9663,746,74,3227,2026-10-07 02:28:25,채권/금리
0162M0,6,KODEX 금융채1~2년(AA-이상)PLUS액티브,10085,2,5,0.05,10089.0,1.2048,233,2,3216,2026-10-07 02:28:25,채권/금리
0052S0,7,1Q 미국S&P500미국채혼합50액티브,11360,5,-5,-0.04,11361.0,-10.0247,49304,559,3215,2026-10-07 02:28:25,기타
485540,4,KODEX 미국AI테크TOP10,15855,2,10,0.06,15857.0,-1.3585,96309,1527,3179,2026-10-07 02:28:25,해외 주식
0111P0,7,1Q 미국나스닥100미국채혼합50액티브,10815,5,-5,-0.05,10816.0,-9.5516,44318,478,3115,2026-10-07 02:28:25,기타
471780,2,TIGER 코리아테크액티브,39980,5,-655,-1.61,40051.0,-5.368,49079,1974,3114,2026-10-07 02:28:25,국내 업종/테마
483320,4,ACE 엔비디아밸류체인액티브,26555,5,-180,-0.67,26639.0,-6.798,24873,665,3094,2026-10-07 02:28:25,해외 주식
489030,2,PLUS 고배당주위클리커버드콜,6240,2,35,0.56,6257.0,0.3682,178664,1113,3092,2026-10-07 02:28:25,국내 업종/테마
453810,4,KODEX 인도Nifty50,10600,2,10,0.09,10648.0,-19.4338,34282,363,3069,2026-10-07 02:28:25,해외 주식
0232A0,6,MIDAS 머니마켓액티브,100450,2,45,0.04,100467.0,,1,0,3048,2026-10-07 02:28:25,채권/금리
454780,6,KIWOOM 종합채권(AA-이상)액티브,100060,2,75,0.08,100116.0,0.3663,14,1,3034,2026-10-07 02:28:25,채권/금리
497880,6,SOL CD금리&머니마켓액티브,50072,2,17,0.03,50072.0,0.9126,34404,1722,3003,2026-10-07 02:28:25,채권/금리
481190,4,SOL 미국테크TOP10,17350,2,35,0.2,17338.0,-1.9259,31628,548,3002,2026-10-07 02:28:25,해외 주식
433330,4,SOL 미국S&P500,21725,2,65,0.3,21706.0,-8.7858,34941,758,2998,2026-10-07 02:28:25,해외 주식
0038A0,4,KODEX 미국휴머노이드로봇,15615,5,-115,-0.73,15651.0,-11.8416,29832,466,2982,2026-10-07 02:28:25,해외 주식
136340,6,RISE 중기우량회사채,104190,2,50,0.05,104194.0,0.656,948,98,2981,2026-10-07 02:28:25,채권/금리
0008S0,4,TIGER 미국배당다우존스타겟데일리커버드콜,9220,5,-20,-0.22,9216.0,-10.8724,98164,904,2904,2026-10-07 02:28:25,해외 주식
091170,2,KODEX 은행,15690,5,-30,-0.19,15706.0,0.1172,370054,5831,2856,2026-10-07 02:28:25,국내 업종/테마
475080,7,KODEX 테슬라커버드콜채권혼합액티브,7845,2,5,0.06,7855.0,-3.9848,49760,390,2852,2026-10-07 02:28:25,기타
0162Y0,1,TIME 코스닥액티브,8595,5,-250,-2.83,8619.0,6.8882,224881,1952,2849,2026-10-07 02:28:25,국내 대표지수
471040,4,KoAct 글로벌AI&로봇액티브,30605,5,-295,-0.95,30748.0,-13.409,10310,318,2816,2026-10-07 02:28:25,해외 주식
441680,7,TIGER 미국나스닥100커버드콜(합성),10650,5,-10,-0.09,10670.0,-7.9204,21140,224,2806,2026-10-07 02:28:25,기타
273140,6,KODEX 단기변동금리부채권액티브,114750,2,40,0.03,114741.0,0.7002,1946,223,2801,2026-10-07 02:28:25,채권/금리
461490,7,RISE 글로벌자산배분액티브,14490,2,30,0.21,14499.0,-4.2067,35817,518,2782,2026-10-07 02:28:25,기타
421320,2,PLUS 우주항공,29105,5,-1220,-4.02,29119.0,-2.1617,60574,1775,2780,2026-10-07 02:28:25,국내 업종/테마
0089D0,2,KODEX 금융고배당TOP10,13030,2,50,0.39,13051.0,-4.0986,61754,804,2762,2026-10-07 02:28:25,국내 업종/테마
0183V0,7,KIWOOM 삼성전자&SK하이닉스채권혼합50,11880,5,-75,-0.63,11892.0,-6.9547,339104,4044,2744,2026-10-07 02:28:25,기타
409820,4,KODEX 미국나스닥100레버리지(합성 H),22200,2,70,0.32,22284.0,8.7202,52718,1174,2742,2026-10-07 02:28:25,해외 주식
473290,6,KODEX 26-12 회사채(AA-이상)액티브,10910,2,5,0.05,10914.0,0.7855,3621,39,2741,2026-10-07 02:28:25,채권/금리
423170,4,SOL 글로벌AI반도체탑픽액티브,60155,5,-790,-1.3,60257.0,-12.886,10737,650,2731,2026-10-07 02:28:25,해외 주식
388420,2,RISE 비메모리반도체액티브,31105,5,-895,-2.8,31156.0,-4.8108,37118,1166,2731,2026-10-07 02:28:25,국내 업종/테마
439870,6,KODEX 국고채30년액티브,88800,5,-50,-0.06,88890.0,-0.7707,1759,155,2697,2026-10-07 02:28:25,채권/금리
213610,2,KODEX 삼성그룹밸류,22425,5,-30,-0.13,22442.0,-9.6742,7690,173,2669,2026-10-07 02:28:25,국내 업종/테마
0228G0,2,ACE 반도체Plus전략산업,9975,5,-110,-1.09,10000.0,,24609,247,2668,2026-10-07 02:28:25,국내 업종/테마
190620,6,ACE 단기통안채,102305,2,45,0.04,102307.0,0.6793,23611,2415,2666,2026-10-07 02:28:25,채권/금리
123320,3,TIGER 레버리지,109815,5,-3030,-2.69,109979.0,-36.2908,83727,9351,2636,2026-10-07 02:28:25,국내 파생
473330,6,SOL 미국30년국채커버드콜(합성),7285,5,-30,-0.41,7334.0,-19.3951,109387,796,2630,2026-10-07 02:28:25,채권/금리
483340,4,ACE 구글밸류체인액티브,23280,2,230,1.0,23409.0,-11.8716,26987,631,2619,2026-10-07 02:28:25,해외 주식
453870,4,TIGER 인도니프티50,10375,5,-20,-0.19,10426.0,-20.1382,26812,277,2599,2026-10-07 02:28:25,해외 주식
307520,2,TIGER 지주회사,21690,5,-330,-1.5,21715.0,-1.6559,80315,1751,2592,2026-10-07 02:28:25,국내 업종/테마
196230,6,RISE 단기통안채,117210,2,10,0.01,117265.0,0.6138,842,98,2583,2026-10-07 02:28:25,채권/금리
364970,2,TIGER 바이오TOP10,6830,5,-80,-1.16,6840.0,-1.0738,486667,3355,2582,2026-10-07 02:28:25,국내 업종/테마
472920,6,HK 종합채권(AA-이상)액티브,98570,2,95,0.1,98674.0,0.2086,38,3,2549,2026-10-07 02:28:25,채권/금리
486830,6,HANARO 머니마켓액티브,53460,2,10,0.02,53470.0,0.8871,1942,103,2548,2026-10-07 02:28:25,채권/금리
117700,2,KODEX 건설,6680,5,-10,-0.15,6683.0,2.277,1086314,7290,2505,2026-10-07 02:28:25,국내 업종/테마
493810,4,TIGER 미국AI빅테크10타겟데일리커버드콜,11550,2,5,0.04,11539.0,-2.9103,75424,871,2454,2026-10-07 02:28:25,해외 주식
363580,2,KODEX 200IT TR,58835,5,-1230,-2.05,58933.0,-12.1215,23765,1414,2442,2026-10-07 02:28:25,국내 업종/테마
228790,2,TIGER 화장품,4275,2,140,3.39,4277.0,11.0067,6596567,28079,2429,2026-10-07 02:28:25,국내 업종/테마
495230,1,KoAct 코리아밸류업액티브,31205,5,-395,-1.25,31277.0,-14.6839,14657,460,2418,2026-10-07 02:28:25,국내 대표지수
139230,2,TIGER 200 중공업,12180,5,-335,-2.68,12192.0,-16.332,33300,410,2382,2026-10-07 02:28:25,국내 업종/테마
422420,2,RISE 2차전지액티브,7225,5,-185,-2.5,7243.0,12.0996,97154,705,2365,2026-10-07 02:28:25,국내 업종/테마
0182S0,7,1Q K반도체TOP2채권혼합50,12705,5,-75,-0.59,12718.0,-7.8587,109206,1397,2363,2026-10-07 02:28:25,기타
472160,4,TIGER 미국테크TOP10 INDXX(H),20000,2,85,0.43,19989.0,10.7619,124510,2492,2340,2026-10-07 02:28:25,해외 주식
0053L0,4,TIGER 차이나휴머노이드로봇,8605,5,-60,-0.69,8564.0,-30.9124,53435,460,2336,2026-10-07 02:28:25,해외 주식
283580,4,KODEX 차이나CSI300,14005,5,-35,-0.25,14130.0,-19.9835,17005,238,2311,2026-10-07 02:28:25,해외 주식
329650,7,KODEX TRF3070,13995,2,15,0.11,14038.0,-3.1717,23875,333,2309,2026-10-07 02:28:25,기타
0092C0,6,SOL 27-12 회사채(AA-이상)액티브,50370,3,0,0.0,50402.0,0.9317,0,0,2307,2026-10-07 02:28:25,채권/금리
363570,6,KODEX 장기종합채권(AA-이상)액티브,87200,2,215,0.25,87288.0,-0.3666,45,3,2270,2026-10-07 02:28:25,채권/금리
498270,4,KIWOOM 미국양자컴퓨팅,14835,2,5,0.03,14865.0,-13.2116,27248,404,2233,2026-10-07 02:28:25,해외 주식
244580,2,KODEX 바이오,8450,5,-90,-1.05,8456.0,-1.8955,420822,3596,2217,2026-10-07 02:28:25,국내 업종/테마
442320,4,RISE 글로벌원자력,35400,2,930,2.7,35566.0,-11.5791,11918,425,2216,2026-10-07 02:28:25,해외 주식
0151S0,4,KODEX 미국AI반도체TOP3플러스,15945,5,-130,-0.81,16004.0,-7.337,34964,559,2208,2026-10-07 02:28:25,해외 주식
0119H0,6,KODEX 28-12 회사채(AA-이상)액티브,9950,2,5,0.05,9947.0,0.7598,16336,162,2194,2026-10-07 02:28:25,채권/금리
433500,2,ACE 원자력TOP10,55910,5,-785,-1.38,55972.0,0.8,96145,5477,2180,2026-10-07 02:28:25,국내 업종/테마
463050,2,TIME K바이오액티브,11770,5,-230,-1.92,11794.0,-10.5479,350101,4181,2172,2026-10-07 02:28:25,국내 업종/테마
490090,4,TIGER 미국AI빅테크10,16360,2,10,0.06,16357.0,-2.0372,43999,720,2168,2026-10-07 02:28:25,해외 주식
458260,6,TIGER 미국투자등급회사채액티브(H),44560,2,60,0.13,44614.0,-5.1638,650,28,2166,2026-10-07 02:28:25,채권/금리
0104N0,2,TIGER 200타겟위클리커버드콜,20965,5,-310,-1.46,21022.0,-14.8246,50552,1069,2159,2026-10-07 02:28:25,국내 업종/테마
452360,4,SOL 미국배당다우존스(H),12850,2,10,0.08,12886.0,1.3086,64413,828,2159,2026-10-07 02:28:25,해외 주식
448540,7,ACE 엔비디아채권혼합,27015,5,-15,-0.06,26976.0,3.1089,55007,1485,2134,2026-10-07 02:28:25,기타
437080,6,KODEX 미국종합채권ESG액티브(H),93985,2,40,0.04,94095.0,-3.8253,4076,383,2133,2026-10-07 02:28:25,채권/금리
271050,5,KODEX WTI원유선물인버스(H),1771,5,-25,-1.39,1771.0,-29.4303,1297487,2297,2131,2026-10-07 02:28:25,원자재/원자재파생
486450,4,SOL 미국AI전력인프라,19425,2,615,3.27,19578.0,-20.5156,19717,385,2127,2026-10-07 02:28:25,해외 주식
488980,6,SOL 26-12 회사채(AA-이상)액티브,52300,2,30,0.06,52292.0,0.81,17,0,2122,2026-10-07 02:28:25,채권/금리
305080,6,TIGER 미국채10년선물,11535,5,-30,-0.26,11538.0,-16.1349,30681,353,2111,2026-10-07 02:28:25,채권/금리
0233J0,7,TIGER 삼성전자SK하이닉스미국채혼합50,10480,5,-60,-0.57,10506.0,,311518,3301,2096,2026-10-07 02:28:25,기타
480040,4,ACE 미국반도체데일리타겟커버드콜(합성),15395,2,25,0.16,15304.0,-14.3847,101685,1567,2094,2026-10-07 02:28:25,해외 주식
0093A0,2,RISE AI반도체TOP10,37860,5,-990,-2.55,37921.0,4.9007,71144,2716,2082,2026-10-07 02:28:25,국내 업종/테마
332930,1,HANARO 200TR,143325,5,-1960,-1.35,143830.0,-14.8189,405,58,2078,2026-10-07 02:28:25,국내 대표지수
266160,2,RISE 고배당,32695,5,-420,-1.27,32753.0,-13.7004,6655,219,2076,2026-10-07 02:28:25,국내 업종/테마
157500,2,TIGER 증권,11700,5,-170,-1.43,11739.0,-25.7412,167074,1961,2073,2026-10-07 02:28:25,국내 업종/테마
478150,4,TIME 글로벌우주테크&방산액티브,17410,5,-80,-0.46,17483.0,-26.3114,12209,212,2072,2026-10-07 02:28:25,해외 주식
0153K0,2,KODEX 주주환원고배당주,11930,2,10,0.08,11936.0,-0.7617,40162,479,2064,2026-10-07 02:28:25,국내 업종/테마
0069M0,4,1Q 미국나스닥100,13840,5,-10,-0.07,13858.0,-7.4723,172969,2396,2048,2026-10-07 02:28:25,해외 주식
0005A0,4,KODEX 미국S&P500데일리커버드콜OTM,9160,2,45,0.49,9149.0,-10.1833,59996,548,2043,2026-10-07 02:28:25,해외 주식
412570,2,TIGER 2차전지TOP10레버리지,1317,5,-33,-2.44,1317.0,14.4067,5521057,7276,2000,2026-10-07 02:28:25,국내 업종/테마
0005G0,2,IBK K-AI반도체코어테크,57590,5,-1430,-2.42,57657.0,-0.7387,9027,523,1987,2026-10-07 02:28:25,국내 업종/테마
302190,6,TIGER 중장기국채,50185,2,15,0.03,50170.0,0.1897,410,20,1957,2026-10-07 02:28:25,채권/금리
233160,3,TIGER 코스닥150 레버리지,9180,5,-450,-4.67,9202.0,3.4371,1026915,9643,1955,2026-10-07 02:28:25,국내 파생
261260,7,KODEX 미국달러선물인버스2X,5655,2,25,0.44,5658.0,29.4252,51601,292,1949,2026-10-07 02:28:25,기타
433980,7,KODEX TDF2040액티브 적격,15765,2,10,0.06,15713.0,-6.3252,14130,222,1939,2026-10-07 02:28:25,기타
267770,3,TIGER 200선물레버리지,83195,5,-2415,-2.82,83416.0,-36.679,44755,3783,1913,2026-10-07 02:28:25,국내 파생
0204D0,2,KODEX 현대차로보틱스밸류체인TOP3플러스,5500,5,-105,-1.87,5499.0,-24.664,345220,1908,1898,2026-10-07 02:28:25,국내 업종/테마
0082V0,7,KODEX TDF2060액티브 적격,11240,5,-25,-0.22,11199.0,-6.9644,19485,219,1894,2026-10-07 02:28:25,기타
0091C0,6,KODEX 미국10년국채액티브(H),9210,2,5,0.05,9218.0,-4.6974,51044,470,1886,2026-10-07 02:28:25,채권/금리
494220,2,UNICORN SK하이닉스밸류체인액티브,53760,5,-1340,-2.43,53852.0,-2.4779,40096,2172,1882,2026-10-07 02:28:25,국내 업종/테마
494330,2,ACE 라이프자산주주가치액티브,33000,2,15,0.05,33032.0,0.244,6596,218,1881,2026-10-07 02:28:25,국내 업종/테마
461950,2,KODEX 2차전지핵심소재10,5245,5,-180,-3.32,5250.0,12.5834,1457804,7695,1870,2026-10-07 02:28:25,국내 업종/테마
495060,1,TIME 코리아밸류업액티브,28085,5,-380,-1.33,28186.0,-20.7104,35550,1007,1868,2026-10-07 02:28:25,국내 대표지수
0190G0,2,KODEX 반도체타겟위클리커버드콜,10160,5,-255,-2.45,10185.0,1.0771,169250,1733,1859,2026-10-07 02:28:25,국내 업종/테마
473460,4,KODEX 미국서학개미,24375,5,-85,-0.35,24455.0,-5.8931,6357,155,1853,2026-10-07 02:28:25,해외 주식
495550,1,SOL 코리아밸류업TR,32490,5,-465,-1.41,32522.0,-14.4582,3156,103,1852,2026-10-07 02:28:25,국내 대표지수
476450,6,KIWOOM 머니마켓액티브,52955,2,20,0.04,52961.0,0.8477,761,40,1831,2026-10-07 02:28:25,채권/금리
0115D0,2,KODEX 조선TOP10,6910,5,-195,-2.74,6912.0,-21.6649,1013321,7080,1828,2026-10-07 02:28:25,국내 업종/테마
480020,4,ACE 미국빅테크7+데일리타겟커버드콜(합성),10135,2,35,0.35,10143.0,-8.0933,228182,2310,1814,2026-10-07 02:28:25,해외 주식
466930,2,SOL 자동차TOP3플러스,23255,5,-545,-2.29,23270.0,-23.0645,43952,1033,1802,2026-10-07 02:28:25,국내 업종/테마
429000,4,TIGER 미국S&P500배당귀족,12415,2,15,0.12,12427.0,-17.0999,32885,407,1788,2026-10-07 02:28:25,해외 주식
414780,4,TIGER 차이나과창판STAR50(합성),12470,2,20,0.16,12590.0,-32.6481,7354,91,1783,2026-10-07 02:28:25,해외 주식
0005D0,2,SOL 전고체배터리&실리콘음극재,16820,5,-460,-2.66,16850.0,20.7547,1105072,18690,1766,2026-10-07 02:28:25,국내 업종/테마
332500,1,ACE 200TR,73490,5,-1080,-1.45,73705.0,-14.5868,46745,3464,1764,2026-10-07 02:28:25,국내 대표지수
0099L0,6,ACE 우량회사채(AA-이상)액티브,99950,2,40,0.04,100009.0,1.0518,56,5,1753,2026-10-07 02:28:25,채권/금리
122090,1,PLUS 코스피50,82005,5,-1525,-1.83,82198.0,-16.3166,11731,973,1747,2026-10-07 02:28:25,국내 대표지수
0047A0,4,TIGER 차이나테크TOP10,11405,5,-160,-1.38,11448.0,-19.2952,9518,109,1711,2026-10-07 02:28:25,해외 주식
403790,1,MIDAS 코스피액티브,57920,5,-530,-0.91,58002.0,-13.2532,18,1,1694,2026-10-07 02:28:25,국내 대표지수
483290,4,KODEX 미국배당다우존스타겟커버드콜,9490,5,-30,-0.32,9496.0,-11.2934,46052,436,1689,2026-10-07 02:28:25,해외 주식
0040X0,7,SOL 팔란티어미국채커버드콜혼합,8975,2,15,0.17,8997.0,-4.8369,37593,337,1678,2026-10-07 02:28:25,기타
272560,6,RISE 단기국공채액티브,115130,2,65,0.06,115152.0,0.7177,2662,306,1677,2026-10-07 02:28:25,채권/금리
354500,1,ACE 코스닥150,15605,5,-395,-2.47,15660.0,7.6716,65391,1036,1670,2026-10-07 02:28:25,국내 대표지수
488720,7,WON 종합채권(AA-이상)액티브,48905,5,-5,-0.01,48923.0,0.4827,18,0,1656,2026-10-07 02:28:25,기타
438560,6,SOL 국고채3년,100715,2,70,0.07,100695.0,0.5896,939,94,1644,2026-10-07 02:28:25,채권/금리
337160,2,KODEX 200ESG,48075,5,-280,-0.58,48098.0,-15.0251,2374,115,1635,2026-10-07 02:28:25,국내 업종/테마
0192Z0,6,TIGER 중기종합채권(A-이상)액티브,101135,3,0,0.0,101187.0,0.732,0,0,1631,2026-10-07 02:28:25,채권/금리
471760,2,TIGER AI반도체핵심공정,17175,5,-565,-3.18,17201.0,12.6349,859791,14882,1623,2026-10-07 02:28:25,국내 업종/테마
237370,7,KODEX 코리아배당성장채권혼합,15555,2,5,0.03,15566.0,-1.7007,342569,5332,1618,2026-10-07 02:28:25,기타
480030,4,ACE 미국500데일리타겟커버드콜(합성),9625,5,-60,-0.62,9608.0,-10.083,57356,551,1617,2026-10-07 02:28:25,해외 주식
491820,2,HANARO 전력설비투자,43255,5,-1710,-3.8,43273.0,-5.9507,122506,5502,1579,2026-10-07 02:28:25,국내 업종/테마
490600,4,RISE 미국배당100데일리고정커버드콜,8350,5,-5,-0.06,8363.0,-11.9223,56787,474,1578,2026-10-07 02:28:25,해외 주식
457990,2,PLUS 태양광&ESS,39310,5,-890,-2.21,39348.0,18.847,412431,16365,1553,2026-10-07 02:28:25,국내 업종/테마
152870,1,파워 200,110255,5,-1545,-1.38,110560.0,-14.6758,95,10,1544,2026-10-07 02:28:25,국내 대표지수
0180V0,4,ACE 미국우주테크액티브,8100,2,15,0.19,8186.0,-25.9277,162500,1322,1543,2026-10-07 02:28:25,해외 주식
0193G0,1,KoAct 코스피액티브,8455,5,-105,-1.23,8465.0,-16.5286,326757,2784,1543,2026-10-07 02:28:25,국내 대표지수
0051G0,4,SOL 미국원자력SMR,12480,2,790,6.76,12538.0,-21.2795,61891,775,1541,2026-10-07 02:28:25,해외 주식
200250,4,KIWOOM 인도Nifty50(합성),19450,2,35,0.18,19535.0,-19.723,2436,47,1537,2026-10-07 02:28:25,해외 주식
160580,5,TIGER 구리실물,15950,2,30,0.19,15976.0,-4.7278,14987,239,1535,2026-10-07 02:28:25,원자재/원자재파생
0064K0,5,KODEX 금액티브,11630,2,15,0.13,11637.0,-12.6035,26329,306,1524,2026-10-07 02:28:25,원자재/원자재파생
394670,4,TIGER 글로벌리튬&2차전지SOLACTIVE(합성),10425,5,-60,-0.57,10509.0,-17.8292,7312,76,1522,2026-10-07 02:28:25,해외 주식
472870,6,RISE 미국30년국채엔화노출(합성 H),6270,5,-35,-0.56,6294.0,-19.1033,69081,432,1520,2026-10-07 02:28:25,채권/금리
219480,4,KODEX 미국S&P500선물(H),33690,2,155,0.46,33696.0,3.503,2856,96,1499,2026-10-07 02:28:25,해외 주식
458210,7,KIWOOM CD금리액티브(합성),110960,2,60,0.05,110916.0,0.7403,1001,111,1490,2026-10-07 02:28:25,기타
0104H0,7,KoAct 미국나스닥채권혼합50액티브,12070,2,35,0.29,12107.0,-7.6008,40303,486,1479,2026-10-07 02:28:25,기타
138520,2,TIGER 삼성그룹,36390,5,-165,-0.45,36455.0,-10.3825,3265,119,1470,2026-10-07 02:28:25,국내 업종/테마
475310,2,SOL 반도체후공정,33385,5,-1035,-3.01,33434.0,27.1988,656014,21940,1469,2026-10-07 02:28:25,국내 업종/테마
0131W0,6,1Q 단기특수은행채액티브,102445,2,40,0.04,102446.0,0.7576,130,13,1462,2026-10-07 02:28:25,채권/금리
491610,6,1Q CD금리액티브(합성),105202,2,37,0.04,105171.0,0.752,1487,156,1455,2026-10-07 02:28:25,채권/금리
481180,4,SOL 미국AI소프트웨어,16855,2,85,0.51,16891.0,7.4311,23306,392,1450,2026-10-07 02:28:25,해외 주식
0151P0,2,RISE 코리아전략산업액티브,14885,5,-375,-2.46,14923.0,-16.7633,68139,1030,1444,2026-10-07 02:28:25,국내 업종/테마
143860,2,TIGER 헬스케어,35995,5,-290,-0.8,35999.0,-4.576,6214,224,1433,2026-10-07 02:28:25,국내 업종/테마
0199C0,2,ACE 고배당주Plus커버드콜액티브,8885,2,15,0.17,8896.0,-8.1741,169782,1508,1430,2026-10-07 02:28:25,국내 업종/테마
0041E0,4,KODEX 미국S&P500액티브,16370,2,65,0.4,16376.0,-10.4484,65426,1070,1424,2026-10-07 02:28:25,해외 주식
498180,6,파워 종합채권(AA-이상)액티브,93805,3,0,0.0,93823.0,0.128,0,0,1411,2026-10-07 02:28:25,채권/금리
0127M0,4,ACE 미국대형가치주액티브,11860,2,5,0.04,11884.0,-10.6808,191,2,1405,2026-10-07 02:28:25,해외 주식
0209D0,2,KODEX 전고체배터리ESS TOP2플러스,9105,5,-155,-1.67,9120.0,16.6981,1343587,12251,1402,2026-10-07 02:28:25,국내 업종/테마
476030,4,SOL 미국나스닥100,17560,2,5,0.03,17574.0,-7.4496,19345,339,1387,2026-10-07 02:28:25,해외 주식
0048K0,4,KODEX 차이나휴머노이드로봇,7580,5,-30,-0.39,7617.0,-34.2157,110946,841,1361,2026-10-07 02:28:25,해외 주식
495330,1,1Q 코리아밸류업,31495,5,-430,-1.35,31586.0,-14.747,2926,92,1354,2026-10-07 02:28:25,국내 대표지수
245340,4,TIGER 미국다우존스30,33560,5,-10,-0.03,33623.0,-14.9538,11155,374,1349,2026-10-07 02:28:25,해외 주식
463680,4,KODEX 미국S&P500테크놀로지,23410,2,85,0.36,23432.0,-4.0017,16666,390,1346,2026-10-07 02:28:25,해외 주식
411420,4,KODEX 미국나스닥AI테크액티브,27740,2,50,0.18,27761.0,-3.9723,5703,158,1318,2026-10-07 02:28:25,해외 주식
0091M0,6,HANARO 27-06 회사채(AA-이상)액티브,10180,3,0,0.0,10188.0,0.842,4711,47,1306,2026-10-07 02:28:25,채권/금리
139220,2,TIGER 200 건설,7570,5,-10,-0.13,7592.0,-6.0137,202025,1533,1293,2026-10-07 02:28:25,국내 업종/테마
0074K0,2,KoAct K수출핵심기업TOP30액티브,17615,5,-475,-2.63,17632.0,-6.7286,18954,337,1286,2026-10-07 02:28:25,국내 업종/테마
0092B0,2,SOL 한국원자력SMR,15295,5,-190,-1.23,15303.0,-0.0968,76430,1192,1285,2026-10-07 02:28:25,국내 업종/테마
325010,2,KODEX 성장주,44180,5,-515,-1.15,44186.0,-12.7988,229,10,1281,2026-10-07 02:28:25,국내 업종/테마
251340,3,KODEX 코스닥150선물인버스,2175,2,55,2.59,2181.0,-15.2,23880471,51278,1277,2026-10-07 02:28:25,국내 파생
0123G0,4,TIGER 미국AI전력SMR,6125,2,265,4.52,6167.0,-24.4359,202524,1248,1274,2026-10-07 02:28:25,해외 주식
461500,6,HANARO 종합채권(AA-이상)액티브,105540,2,45,0.04,105630.0,0.0426,12,1,1273,2026-10-07 02:28:25,채권/금리
463290,6,1Q 단기금융채액티브,109620,2,40,0.04,109618.0,0.8142,4533,496,1264,2026-10-07 02:28:25,채권/금리
447620,7,SOL 미국TOP5채권혼합50,15970,2,15,0.09,15930.0,0.3774,43026,687,1262,2026-10-07 02:28:25,기타
377990,2,TIGER Fn신재생에너지,25535,5,-645,-2.46,25546.0,3.4887,84059,2200,1251,2026-10-07 02:28:25,국내 업종/테마
0000Y0,6,HK 26-12 회사채(AA-이상)액티브,102185,2,50,0.05,102177.0,0.7994,3,0,1236,2026-10-07 02:28:25,채권/금리
448100,1,WON 200,111945,5,-1280,-1.13,112054.0,-15.3063,57101,6457,1231,2026-10-07 02:28:25,국내 대표지수
0085P0,6,ACE 미국10년국채액티브,9185,5,-20,-0.22,9192.0,-15.9332,201620,1850,1231,2026-10-07 02:28:25,채권/금리
469170,2,ACE 포스코그룹포커스,5980,5,-160,-2.61,5994.0,11.4492,319744,1914,1217,2026-10-07 02:28:25,국내 업종/테마
0181B0,4,HANARO 미국AI메모리반도체TOP4+,9710,5,-470,-4.62,9771.0,-17.6376,195745,1910,1209,2026-10-07 02:28:25,해외 주식
0168K0,2,TIGER 기술이전바이오액티브,5780,5,-85,-1.45,5781.0,-13.4956,671964,3940,1205,2026-10-07 02:28:25,국내 업종/테마
328370,1,PLUS 코스피TR,38840,5,-195,-0.5,38730.0,-13.6394,17,0,1204,2026-10-07 02:28:25,국내 대표지수
304660,6,KODEX 미국30년국채울트라선물(H),6805,5,-20,-0.29,6815.0,-9.1817,15862,108,1198,2026-10-07 02:28:25,채권/금리
438570,6,SOL 국고채10년,98375,5,-5,-0.01,98444.0,-0.2535,49,4,1188,2026-10-07 02:28:25,채권/금리
0184L0,6,PLUS 중기종합채권(A-이상)액티브,100825,2,55,0.05,100863.0,0.7851,6,0,1178,2026-10-07 02:28:25,채권/금리
399110,4,SOL 미국S&P500ESG,20610,5,-15,-0.07,20588.0,-8.4608,4192,86,1175,2026-10-07 02:28:25,해외 주식
332940,1,HANARO MSCI Korea TR,48840,5,-310,-0.63,48913.0,-15.6875,5353,264,1172,2026-10-07 02:28:25,국내 대표지수
192090,4,TIGER 차이나CSI300,11425,5,-50,-0.44,11536.0,-20.8621,11602,132,1171,2026-10-07 02:28:25,해외 주식
326240,2,RISE IT플러스,46735,5,-745,-1.57,46890.0,-5.8777,4460,209,1168,2026-10-07 02:28:25,국내 업종/테마
304940,4,KODEX 미국나스닥100선물(H),34245,2,55,0.16,34260.0,4.9577,13413,459,1164,2026-10-07 02:28:25,해외 주식
491230,6,PLUS 국공채머니마켓액티브,52675,2,35,0.07,52659.0,0.8042,855,45,1162,2026-10-07 02:28:25,채권/금리
266370,2,KODEX IT,74285,5,-1710,-2.25,74464.0,-7.7227,7903,593,1151,2026-10-07 02:28:25,국내 업종/테마
114820,6,TIGER 국채3년,105330,2,15,0.01,105339.0,0.5537,16001,1685,1151,2026-10-07 02:28:25,채권/금리
455860,2,SOL 2차전지소부장Fn,4775,5,-130,-2.65,4783.0,9.0,725863,3489,1146,2026-10-07 02:28:25,국내 업종/테마
0036R0,4,RISE 미국휴머노이드로봇,20190,5,-140,-0.69,20256.0,-9.8588,9967,201,1131,2026-10-07 02:28:25,해외 주식
182480,7,TIGER 미국MSCI리츠(합성 H),12760,2,120,0.95,12880.0,-10.0163,2633,33,1123,2026-10-07 02:28:25,기타
0174B0,7,KoAct 글로벌AI메모리반도체액티브,15250,5,-460,-2.93,15302.0,-11.1426,48366,743,1121,2026-10-07 02:28:25,기타
319640,4,TIGER 골드선물(H),24305,2,95,0.39,24306.0,-1.785,2649,64,1118,2026-10-07 02:28:25,해외 주식
0000J0,2,PLUS 한화그룹주,27865,5,-840,-2.93,27926.0,-7.597,23762,668,1115,2026-10-07 02:28:25,국내 업종/테마
0221V0,6,IBK 초단기채권액티브,100800,2,20,0.02,100819.0,,44,4,1098,2026-10-07 02:28:25,채권/금리
367770,2,RISE 수소경제테마,21480,5,-635,-2.87,21502.0,-9.6056,51564,1131,1095,2026-10-07 02:28:25,국내 업종/테마
476850,1,KoAct 배당성장액티브,21840,5,-135,-0.61,21853.0,-9.6023,24621,540,1092,2026-10-07 02:28:25,국내 대표지수
488500,4,TIGER 미국S&P500동일가중,12020,2,30,0.25,12025.0,-13.9132,13936,167,1088,2026-10-07 02:28:25,해외 주식
309230,4,ACE 미국WideMoat동일가중,29200,2,50,0.17,29257.0,-11.3725,1689,49,1075,2026-10-07 02:28:25,해외 주식
0132K0,7,PLUS 테슬라위클리커버드콜채권혼합,8020,5,-35,-0.43,8008.0,-4.0174,82564,663,1071,2026-10-07 02:28:25,기타
0197X0,2,SOL SK하이닉스선물단일종목인버스2X,6130,2,255,4.34,6131.0,-29.7669,10709628,64631,1068,2026-10-07 02:28:25,국내 업종/테마
0193M0,6,BNK 27-12 특수채(AAA이상)액티브,50445,3,0,0.0,50473.0,0.759,0,0,1066,2026-10-07 02:28:25,채권/금리
465610,4,ACE 미국빅테크TOP7 Plus레버리지(합성),44425,2,170,0.38,44614.0,-1.6775,1764,78,1066,2026-10-07 02:28:25,해외 주식
0137V0,4,KIWOOM 미국S&P500모멘텀,11455,5,-80,-0.69,11475.0,-11.9308,77666,892,1054,2026-10-07 02:28:25,해외 주식
496090,1,KIWOOM 코리아밸류업,31790,5,-425,-1.32,31828.0,-14.4261,27,0,1049,2026-10-07 02:28:25,국내 대표지수
464310,4,TIGER 글로벌AI&로보틱스 INDXX,13405,5,-140,-1.03,13383.0,-17.9837,5022,67,1046,2026-10-07 02:28:25,해외 주식
0138Y0,7,PLUS 금채권혼합,9430,2,10,0.11,9456.0,-6.0818,33063,311,1037,2026-10-07 02:28:25,기타
475050,2,ACE KPOP포커스,6790,2,160,2.41,6807.0,-15.7561,1214814,8297,1035,2026-10-07 02:28:25,국내 업종/테마
464930,4,TIGER 글로벌혁신블루칩TOP10,20555,5,-295,-1.41,20594.0,-6.8157,829,17,1028,2026-10-07 02:28:25,해외 주식
0191W0,6,HANARO 중기종합채권(A-이상)액티브,101070,3,0,0.0,101122.0,0.6472,0,0,1024,2026-10-07 02:28:25,채권/금리
0122W0,6,RISE 26-11 회사채(AA-이상)액티브,51160,2,20,0.04,51151.0,0.7982,31,1,1020,2026-10-07 02:28:25,채권/금리
0177X0,2,ACE K휴머노이드로봇산업TOP2+,9845,5,-300,-2.96,9863.0,5.8424,107862,1081,1014,2026-10-07 02:28:25,국내 업종/테마
0135Y0,6,IBK 중기종합채권(AA-이상)액티브,100635,2,45,0.04,100646.0,0.6453,4,0,1013,2026-10-07 02:28:25,채권/금리
203780,4,TIGER 미국나스닥바이오,33290,5,-1020,-2.97,33359.0,-9.6035,9005,300,1012,2026-10-07 02:28:25,해외 주식
0142D0,4,TIGER 미국AI데이터센터TOP4Plus,10630,2,195,1.87,10733.0,-9.2609,135507,1452,1005,2026-10-07 02:28:25,해외 주식
372330,4,KODEX 차이나항셍테크,6080,5,-80,-1.3,6084.0,-18.201,30496,187,1000,2026-10-07 02:28:25,해외 주식
458030,6,WON 국공채머니마켓액티브,55210,2,20,0.04,55214.0,0.7668,214,11,998,2026-10-07 02:28:25,채권/금리
451530,6,TIGER 국고채30년스트립액티브,35935,2,95,0.27,35857.0,-2.8332,13259,475,995,2026-10-07 02:28:25,채권/금리
0162L0,4,KODEX 차이나AI반도체TOP10,12160,5,-10,-0.08,12200.0,-34.8664,36858,448,985,2026-10-07 02:28:25,해외 주식
394660,4,TIGER 글로벌자율주행&전기차SOLACTIVE,14995,5,-5,-0.03,15127.0,-21.0942,731,10,984,2026-10-07 02:28:25,해외 주식
0176E0,4,RISE 미국AI전력인프라액티브,10300,2,230,2.28,10338.0,-20.1111,16286,168,984,2026-10-07 02:28:25,해외 주식
486240,2,DAISHIN AI반도체&인프라액티브,31690,5,-535,-1.66,31578.0,-5.3598,42,1,982,2026-10-07 02:28:25,국내 업종/테마
453080,4,KIWOOM 미국나스닥100(H),24180,2,55,0.23,24209.0,4.4019,51791,1254,967,2026-10-07 02:28:25,해외 주식
479620,4,SOL 미국AI반도체칩메이커,27555,2,80,0.29,27663.0,-8.5843,12519,346,964,2026-10-07 02:28:25,해외 주식
461460,6,PLUS 국고채10년액티브,51435,5,-15,-0.03,51407.0,-0.2134,1363,70,963,2026-10-07 02:28:25,채권/금리
168580,4,ACE 중국본토CSI300,31600,5,-330,-1.03,31862.0,-19.7437,709,22,961,2026-10-07 02:28:25,해외 주식
0008T0,2,SOL 화장품TOP3플러스,17260,2,595,3.57,17269.0,11.0259,1648565,28307,958,2026-10-07 02:28:25,국내 업종/테마
195980,4,PLUS 신흥국MSCI(합성 H),15520,5,-165,-1.05,15505.0,2.3157,5564,87,953,2026-10-07 02:28:25,해외 주식
433970,7,KODEX TDF2030액티브 적격,13925,2,5,0.04,13887.0,-4.6701,10474,145,947,2026-10-07 02:28:25,기타
473440,6,ACE 11월만기자동연장회사채AA-이상액티브,10880,3,0,0.0,10884.0,0.8808,92,1,947,2026-10-07 02:28:25,채권/금리
0080Y0,2,SOL 조선TOP3플러스레버리지,7020,5,-345,-4.68,7048.0,-45.0579,312748,2225,941,2026-10-07 02:28:25,국내 업종/테마
0035T0,7,PLUS 글로벌휴머노이드로봇액티브,19560,5,-255,-1.29,19539.0,-13.4906,5271,103,939,2026-10-07 02:28:25,기타
143850,4,TIGER 미국S&P500선물(H),78560,2,375,0.48,78552.0,2.8276,302,23,923,2026-10-07 02:28:25,해외 주식
0198A0,2,KIWOOM 코스닥150커버드콜액티브,9005,5,-185,-2.01,9013.0,1.903,447618,4081,923,2026-10-07 02:28:25,국내 업종/테마
269540,4,PLUS 미국S&P500(H),30530,2,170,0.56,30514.0,1.4705,3742,114,916,2026-10-07 02:28:25,해외 주식
308620,6,KODEX 미국10년국채선물,10845,5,-15,-0.14,10896.0,-15.8466,21560,233,911,2026-10-07 02:28:25,채권/금리
298770,4,KODEX 한국대만IT프리미어,84955,5,-1035,-1.2,85187.0,-9.0963,825,70,909,2026-10-07 02:28:25,해외 주식
114100,6,RISE 국고채3년,106260,5,-20,-0.02,106292.0,0.5706,89,9,893,2026-10-07 02:28:25,채권/금리
325020,2,KODEX 배당가치,28720,5,-200,-0.69,28744.0,-6.6007,1710,49,890,2026-10-07 02:28:25,국내 업종/테마
444490,4,WON 미국S&P500,19965,2,30,0.15,19978.0,-8.7852,7359,146,888,2026-10-07 02:28:25,해외 주식
454320,2,HANARO CAPEX설비투자iSelect,41040,5,-1350,-3.18,41101.0,-1.9998,3863,161,882,2026-10-07 02:28:25,국내 업종/테마
0052T0,6,1Q 중단기회사채(A-이상)액티브,50895,2,50,0.1,50909.0,0.8629,34,1,880,2026-10-07 02:28:25,채권/금리
0007N0,1,아이엠에셋 200,109755,5,-1820,-1.63,110058.0,-14.7582,1389,153,878,2026-10-07 02:28:25,국내 대표지수
261270,7,KODEX 미국달러선물인버스,8345,2,20,0.24,8351.0,14.041,19407,162,873,2026-10-07 02:28:25,기타
468380,6,KODEX iShares미국하이일드액티브,10315,2,10,0.1,10326.0,-14.0295,66378,683,871,2026-10-07 02:28:25,채권/금리
453330,4,RISE 미국S&P500(H),18475,2,75,0.41,18465.0,3.6295,12935,239,868,2026-10-07 02:28:25,해외 주식
329670,7,KODEX TRF7030,21685,2,105,0.49,21721.0,-7.1866,4870,105,867,2026-10-07 02:28:25,기타
0066W0,5,SOL 국제금,11765,2,15,0.13,11835.0,-12.8015,42467,501,865,2026-10-07 02:28:25,원자재/원자재파생
211900,2,KODEX 코리아배당성장,27350,5,-170,-0.62,27376.0,-5.9337,19390,531,862,2026-10-07 02:28:25,국내 업종/테마
495040,1,PLUS 코리아밸류업,31500,5,-335,-1.05,31516.0,-14.7112,1811,57,851,2026-10-07 02:28:25,국내 대표지수
485690,4,RISE 미국AI밸류체인TOP3Plus,23240,2,140,0.61,23301.0,-3.1214,18685,434,848,2026-10-07 02:28:25,해외 주식
469060,4,RISE 미국반도체NYSE,37760,5,-265,-0.7,37941.0,-10.3587,6824,259,831,2026-10-07 02:28:25,해외 주식
329660,7,KODEX TRF5050,17655,3,0,0.0,17719.0,-4.6305,12995,229,830,2026-10-07 02:28:25,기타
359210,1,KODEX 코스피TR,35775,5,-320,-0.89,35799.0,-13.4101,1225,44,823,2026-10-07 02:28:25,국내 대표지수
0017Y0,6,1Q 종합채권(AA-이상)액티브,94460,5,-5,-0.01,94481.0,0.2919,16,1,821,2026-10-07 02:28:25,채권/금리
449770,4,KIWOOM 미국S&P500,20850,2,95,0.46,20830.0,-9.1161,772,16,813,2026-10-07 02:28:25,해외 주식
475280,6,ACE 8월만기자동연장회사채AA-이상액티브,10750,3,0,0.0,10760.0,0.6083,3246,34,812,2026-10-07 02:28:25,채권/금리
0057H0,7,PLUS 미국S&P500미국채혼합50액티브,11430,2,10,0.09,11425.0,-10.2371,13639,155,812,2026-10-07 02:28:25,기타
108450,2,ACE 삼성그룹섹터가중,40515,5,-80,-0.2,40543.0,-8.9697,371,15,810,2026-10-07 02:28:25,국내 업종/테마
460960,7,ACE 글로벌인컴TOP10,10330,5,-10,-0.1,10328.0,-14.4399,15501,159,806,2026-10-07 02:28:25,기타
337140,2,KODEX 코스피대형주,36415,5,-485,-1.31,36495.0,-14.4026,1563,57,801,2026-10-07 02:28:25,국내 업종/테마
0018C0,2,PLUS 고배당주위클리고정커버드콜,10345,2,15,0.15,10357.0,-1.7905,37993,392,797,2026-10-07 02:28:25,국내 업종/테마
138530,2,TIGER LG그룹플러스,12210,5,-285,-2.28,12228.0,5.532,47378,583,784,2026-10-07 02:28:25,국내 업종/테마
495750,1,HANARO 코리아밸류업,31735,5,-290,-0.91,31772.0,-14.868,980,31,778,2026-10-07 02:28:25,국내 대표지수
0098N0,2,PLUS 자사주매입고배당주,12835,2,70,0.55,12838.0,0.8053,8321,106,777,2026-10-07 02:28:25,국내 업종/테마
429760,4,PLUS 미국S&P500,19375,2,65,0.34,19361.0,-8.9031,6286,121,775,2026-10-07 02:28:25,해외 주식
0225V0,4,KODEX 미국CPU반도체TOP10,11920,5,-110,-0.91,12027.0,,243394,2922,775,2026-10-07 02:28:25,해외 주식
0049M0,4,ACE 미국배당퀄리티+커버드콜액티브,10980,3,0,0.0,11012.0,-9.4621,7891,86,774,2026-10-07 02:28:25,해외 주식
365040,1,TIGER AI코리아그로스액티브,36390,5,-625,-1.69,36444.0,-12.2452,3606,132,764,2026-10-07 02:28:25,국내 대표지수
210780,2,TIGER 코스피고배당,23130,2,70,0.3,23156.0,0.045,2448,56,763,2026-10-07 02:28:25,국내 업종/테마
228810,2,TIGER 미디어컨텐츠,3080,2,90,3.01,3081.0,-13.2076,397362,1218,757,2026-10-07 02:28:25,국내 업종/테마
364960,2,TIGER BBIG,6350,5,-25,-0.39,6364.0,-0.9325,7478,47,752,2026-10-07 02:28:25,국내 업종/테마
412770,4,TIGER 글로벌AI플랫폼액티브,13075,2,30,0.23,13085.0,-13.4661,1511,19,745,2026-10-07 02:28:25,해외 주식
298340,6,PLUS 국채선물3년,56610,5,-60,-0.11,56629.0,0.8362,6,0,743,2026-10-07 02:28:25,채권/금리
0240J0,2,RISE 삼성SK그룹,10560,5,-170,-1.58,10583.0,,228621,2432,739,2026-10-07 02:28:25,국내 업종/테마
0080X0,7,SOL 미국S&P500미국채혼합50,10550,2,5,0.05,10552.0,-12.7112,23740,250,739,2026-10-07 02:28:25,기타
0210E0,2,PLUS 200커버드콜액티브,7215,5,-110,-1.5,7227.0,-15.3488,77988,566,736,2026-10-07 02:28:25,국내 업종/테마
272910,6,ACE 중장기국공채액티브,106375,3,0,0.0,106405.0,0.4864,0,0,733,2026-10-07 02:28:25,채권/금리
490480,2,SOL K방산,26650,5,-1115,-4.02,26673.0,-18.1698,19386,522,733,2026-10-07 02:28:25,국내 업종/테마
157490,2,TIGER 소프트웨어,7835,5,-75,-0.95,7856.0,-3.3008,37534,295,727,2026-10-07 02:28:25,국내 업종/테마
292190,1,KODEX KRX300,48425,5,-655,-1.33,48522.0,-13.5005,534,26,726,2026-10-07 02:28:25,국내 대표지수
0238F0,4,KODEX 미국AI메모리TOP2플러스,10205,5,-410,-3.86,10312.0,,220208,2261,725,2026-10-07 02:28:25,해외 주식
292770,6,KODEX 국채선물3년인버스,57920,3,0,0.0,57939.0,0.6166,0,0,723,2026-10-07 02:28:25,채권/금리
465330,2,RISE 2차전지TOP10,12240,5,-260,-2.08,12254.0,18.2592,282701,3463,722,2026-10-07 02:28:25,국내 업종/테마
0190Y0,4,TIGER 구글밸류체인,8880,2,105,1.2,8895.0,-11.9384,38950,346,719,2026-10-07 02:28:25,해외 주식
475350,4,RISE 버크셔포트폴리오TOP10,13940,2,35,0.25,13952.0,-12.6722,8159,113,711,2026-10-07 02:28:25,해외 주식
0098Z0,1,FOCUS 200,94495,3,0,0.0,93649.0,-14.3659,0,0,709,2026-10-07 02:28:25,국내 대표지수
266420,2,KODEX 헬스케어,16355,5,-185,-1.12,16357.0,-4.3378,19595,324,703,2026-10-07 02:28:25,국내 업종/테마
0102A0,4,TIGER 미국AI소프트웨어TOP4Plus,8555,5,-130,-1.5,8558.0,3.8254,34676,296,702,2026-10-07 02:28:25,해외 주식
418670,4,TIGER 글로벌AI사이버보안,19785,2,170,0.87,19759.0,6.4875,129557,2559,696,2026-10-07 02:28:25,해외 주식
0220B0,1,DS 코스닥액티브,12540,5,-340,-2.64,12561.0,,531599,6689,696,2026-10-07 02:28:25,국내 대표지수
453950,4,TIGER TSMC파운드리밸류체인,35555,5,-695,-1.92,35433.0,-11.8113,5238,185,693,2026-10-07 02:28:25,해외 주식
211560,2,TIGER 배당성장,34325,5,-25,-0.07,34319.0,-6.6261,2393,82,690,2026-10-07 02:28:25,국내 업종/테마
0022T0,4,SOL 국제금커버드콜액티브,12030,2,15,0.12,12091.0,-13.0066,12033,144,686,2026-10-07 02:28:25,해외 주식
130730,6,KIWOOM 단기자금,103345,2,65,0.06,103320.0,0.7462,23635,2442,682,2026-10-07 02:28:25,채권/금리
492500,7,1Q 현대차그룹채권(A+이상)&국고통안,51475,2,40,0.08,51481.0,0.8035,10,0,680,2026-10-07 02:28:25,기타
441540,2,HANARO Fn조선해운,25180,5,-520,-2.02,25165.0,-12.1668,7079,178,680,2026-10-07 02:28:25,국내 업종/테마
0222D0,2,KoAct 고배당액티브,10040,5,-15,-0.15,10056.0,,58351,586,678,2026-10-07 02:28:25,국내 업종/테마
228800,2,TIGER 여행레저,2625,2,10,0.38,2624.0,-7.1048,35450,92,675,2026-10-07 02:28:25,국내 업종/테마
278240,3,RISE 코스닥150선물레버리지,9365,5,-440,-4.49,9408.0,1.0824,95789,921,673,2026-10-07 02:28:25,국내 파생
0113D0,4,TIME 글로벌탑픽액티브,11695,2,10,0.09,11725.0,-10.0462,5773,67,672,2026-10-07 02:28:25,해외 주식
278620,6,PLUS 단기채권액티브,119395,2,50,0.04,119401.0,0.9174,38,4,670,2026-10-07 02:28:25,채권/금리
433880,7,PLUS TDF2060액티브 적격,18290,2,10,0.05,18312.0,-9.243,7078,129,668,2026-10-07 02:28:25,기타
0233A0,7,ACE 삼성전자SK하이닉스플러스채권혼합50,10725,5,-85,-0.79,10748.0,,23866,257,665,2026-10-07 02:28:25,기타
491700,1,HK 200,110195,5,-1380,-1.24,110448.0,-14.4889,4590,510,661,2026-10-07 02:28:25,국내 대표지수
473640,4,HANARO 글로벌금채굴기업,30640,2,135,0.44,30835.0,-5.3816,6359,195,643,2026-10-07 02:28:25,해외 주식
295020,6,RISE 국채선물10년인버스,60885,2,145,0.24,60797.0,1.1996,2,0,643,2026-10-07 02:28:25,채권/금리
277640,2,TIGER 코스피대형주,37680,5,-495,-1.3,37730.0,-14.0751,2476,94,641,2026-10-07 02:28:25,국내 업종/테마
0123S0,2,HANARO 26-12 은행채(AA+이상)액티브,10215,2,5,0.05,10220.0,0.74,452,4,633,2026-10-07 02:28:25,국내 업종/테마
458750,4,TIGER 미국배당다우존스타겟커버드콜1호,12100,2,15,0.12,12093.0,-11.0858,7232,87,629,2026-10-07 02:28:25,해외 주식
419890,6,KIWOOM 단기채권ESG액티브,107765,2,90,0.08,107762.0,0.7673,2207,237,625,2026-10-07 02:28:25,채권/금리
261240,7,KODEX 미국달러선물,13895,5,-20,-0.14,13892.0,-11.5385,26342,365,624,2026-10-07 02:28:25,기타
495940,4,RISE 미국AI테크액티브,19775,5,-65,-0.33,19879.0,-12.1368,315,6,623,2026-10-07 02:28:25,해외 주식
0115E0,2,KODEX 코리아소버린AI,14305,5,-255,-1.75,14319.0,2.6045,6092,87,622,2026-10-07 02:28:25,국내 업종/테마
306950,3,KODEX KRX300레버리지,77765,5,-1630,-2.05,77677.0,-35.762,963,76,622,2026-10-07 02:28:25,국내 파생
455660,6,ACE 미국하이일드액티브(H),9175,2,35,0.38,9170.0,-2.4415,5240,48,615,2026-10-07 02:28:25,채권/금리
0181L0,4,SOL 미국우주항공TOP10,7390,2,85,1.16,7492.0,-27.8875,26185,194,613,2026-10-07 02:28:25,해외 주식
252400,3,RISE 200선물레버리지,100625,5,-3280,-3.16,101124.0,-36.4515,1112,112,604,2026-10-07 02:28:25,국내 파생
275980,4,TIGER 글로벌4차산업혁신기술(합성 H),24115,2,15,0.06,24196.0,-0.3721,3932,94,603,2026-10-07 02:28:25,해외 주식
440640,6,ACE 단기채권알파액티브,113030,2,50,0.04,113030.0,0.8344,8347,943,598,2026-10-07 02:28:25,채권/금리
140700,2,KODEX 보험,20475,2,360,1.79,20516.0,1.7323,65730,1337,594,2026-10-07 02:28:25,국내 업종/테마
0040S0,4,HANARO 글로벌피지컬AI액티브,23600,3,0,0.0,23771.0,-17.7414,30481,720,590,2026-10-07 02:28:25,해외 주식
225040,4,TIGER 미국S&P500레버리지(합성 H),69770,2,670,0.97,69693.0,6.2504,2011,140,586,2026-10-07 02:28:25,해외 주식
453640,4,KODEX 미국S&P500헬스케어,13580,5,-40,-0.29,13573.0,-10.5261,7244,98,584,2026-10-07 02:28:25,해외 주식
491220,1,PLUS 200TR,129740,5,-1065,-0.81,130089.0,-15.1774,65,8,584,2026-10-07 02:28:25,국내 대표지수
480310,4,TIGER 글로벌온디바이스AI,21790,5,-230,-1.04,21880.0,-5.9508,5053,110,577,2026-10-07 02:28:25,해외 주식
0172V0,5,1Q 은액티브,7680,2,50,0.66,7750.0,-14.125,52275,402,576,2026-10-07 02:28:25,원자재/원자재파생
442560,7,RISE TDF2040액티브 적격,16435,2,10,0.06,16355.0,-6.706,8658,142,575,2026-10-07 02:28:25,기타
476260,2,HANARO 반도체핵심공정주도주,15290,5,-580,-3.65,15315.0,7.9591,242452,3747,573,2026-10-07 02:28:25,국내 업종/테마
261070,2,TIGER 코스닥150바이오테크,11805,5,-155,-1.3,11822.0,-10.8793,168514,2022,567,2026-10-07 02:28:25,국내 업종/테마
385590,2,ACE ESG액티브,24170,5,-165,-0.68,24115.0,-11.1213,3223,78,556,2026-10-07 02:28:25,국내 업종/테마
304780,3,HANARO 200선물레버리지,122890,5,-3820,-3.01,123043.0,-35.5166,327,41,553,2026-10-07 02:28:25,국내 파생
0041D0,4,KODEX 미국AI소프트웨어TOP10,14360,2,35,0.24,14379.0,10.1166,25517,366,553,2026-10-07 02:28:25,해외 주식
0238P0,7,TIGER 미국S&P500미국채혼합50,10040,5,-40,-0.4,10045.0,,39075,392,550,2026-10-07 02:28:25,기타
434960,1,DAISHIN K200,110005,5,-1550,-1.39,110326.0,-14.7951,243,27,550,2026-10-07 02:28:25,국내 대표지수
476750,6,ACE 미국30년국채엔화노출액티브(H),6770,5,-35,-0.51,6778.0,-19.0537,97226,657,548,2026-10-07 02:28:25,채권/금리
287180,4,PLUS 미국나스닥테크,57565,2,5,0.01,57731.0,-6.6646,922,53,547,2026-10-07 02:28:25,해외 주식
0226A0,7,PLUS SK하이닉스샌디스크채권혼합50,10920,5,-210,-1.89,11036.0,,88045,968,546,2026-10-07 02:28:25,기타
150460,2,TIGER 중국소비테마,7390,2,100,1.37,7404.0,-0.8838,7937,58,543,2026-10-07 02:28:25,국내 업종/테마
0141S0,2,SOL 조선기자재,8220,5,-185,-2.2,8223.0,-9.866,68009,563,543,2026-10-07 02:28:25,국내 업종/테마
455960,6,RISE 미국달러SOFR금리액티브(합성),11780,5,-65,-0.55,11810.0,-11.1403,4048,47,540,2026-10-07 02:28:25,채권/금리
401470,2,KODEX 메타버스액티브,9350,2,60,0.65,9375.0,-8.9216,2676,25,538,2026-10-07 02:28:25,국내 업종/테마
0000D0,7,TIGER 엔비디아미국채커버드콜밸런스(합성),8525,5,-55,-0.64,8582.0,-11.7941,25563,217,537,2026-10-07 02:28:25,기타
316670,1,KIWOOM 코스닥150,7725,5,-185,-2.34,7736.0,7.8391,407214,3179,528,2026-10-07 02:28:25,국내 대표지수
479730,4,TIGER 인도빌리언컨슈머,8920,2,20,0.22,8938.0,-17.2789,3017,26,526,2026-10-07 02:28:25,해외 주식
101280,4,KODEX 일본TOPIX100,30540,5,-95,-0.31,30341.0,-6.3163,4949,151,525,2026-10-07 02:28:25,해외 주식
0046Y0,4,ACE 미국배당퀄리티,12185,2,15,0.12,12248.0,-10.1361,3603,43,524,2026-10-07 02:28:25,해외 주식
0166S0,2,PLUS K제조업핵심기업액티브,11505,5,-230,-1.96,11546.0,-11.6008,15573,181,523,2026-10-07 02:28:25,국내 업종/테마
0118Z0,4,ACE 미국AI테크핵심산업액티브,8790,2,55,0.63,8788.0,-12.6937,7332,64,523,2026-10-07 02:28:25,해외 주식
275300,2,KODEX 우량주,30445,5,-435,-1.41,30468.0,-13.1758,2020,62,518,2026-10-07 02:28:25,국내 업종/테마
114470,6,KIWOOM 국고채3년,107700,5,-15,-0.01,107704.0,0.5768,46,4,517,2026-10-07 02:28:25,채권/금리
473490,4,KIWOOM 글로벌AI반도체,34390,2,160,0.47,34446.0,-3.9273,8924,307,516,2026-10-07 02:28:25,해외 주식
0111J0,2,HANARO 증권고배당TOP3플러스,11780,5,-95,-0.8,11793.0,-25.8544,19596,230,512,2026-10-07 02:28:25,국내 업종/테마
0113P0,6,HK 머니마켓액티브,102755,2,40,0.04,102758.0,0.8294,13233,1359,512,2026-10-07 02:28:25,채권/금리
292560,7,TIGER 일본엔선물,7840,5,-30,-0.38,7819.0,-9.7995,68907,539,510,2026-10-07 02:28:25,기타
336160,6,RISE 금융채액티브,100090,2,50,0.05,100065.0,0.626,2,0,509,2026-10-07 02:28:25,채권/금리
253150,3,PLUS 200선물레버리지,202000,5,-5430,-2.62,202060.0,-36.4667,181,37,505,2026-10-07 02:28:25,국내 파생
445150,2,KODEX 친환경조선해운액티브,27190,5,-225,-0.82,27225.0,-10.1264,3306,90,503,2026-10-07 02:28:25,국내 업종/테마
0000Z0,2,RISE 바이오TOP10액티브,8585,5,-165,-1.89,8599.0,-13.7932,62533,543,502,2026-10-07 02:28:25,국내 업종/테마
0139P0,2,ACE 고배당주,13195,2,15,0.11,13210.0,-4.0253,4238,55,501,2026-10-07 02:28:25,국내 업종/테마
0185L0,4,TIME 글로벌휴머노이드로봇산업액티브,7170,5,-80,-1.1,7176.0,-26.6566,15958,114,498,2026-10-07 02:28:25,해외 주식
475260,6,ACE 2월만기자동연장회사채AA-이상액티브,10780,3,0,0.0,10781.0,0.889,6,0,497,2026-10-07 02:28:25,채권/금리
461340,4,HANARO 글로벌생성형AI액티브,44920,5,-50,-0.11,45053.0,-5.7134,1943,87,494,2026-10-07 02:28:25,해외 주식
0118S0,4,SOL 미국넥스트테크TOP10액티브,10850,2,60,0.56,10926.0,-22.0658,33329,363,494,2026-10-07 02:28:25,해외 주식
152500,3,ACE 레버리지,44750,5,-1210,-2.63,44824.0,-36.2818,12310,561,492,2026-10-07 02:28:25,국내 파생
218420,4,KODEX 미국S&P500에너지(합성),20045,2,50,0.25,19982.0,5.598,4652,93,492,2026-10-07 02:28:25,해외 주식
204480,4,TIGER 차이나CSI300레버리지(합성),20465,2,65,0.32,20579.0,-40.3509,577,11,487,2026-10-07 02:28:25,해외 주식
0207G0,2,SOL 우주항공밸류체인,8155,5,-350,-4.12,8166.0,18.125,561794,4654,485,2026-10-07 02:28:25,국내 업종/테마
0141T0,6,SOL 중기종합채권(AA-이상)액티브,50410,3,0,0.0,50436.0,0.7595,0,0,484,2026-10-07 02:28:25,채권/금리
442090,2,에셋플러스 코리아대장장이액티브,32060,5,-225,-0.7,32140.0,-0.1701,59,1,481,2026-10-07 02:28:25,국내 업종/테마
473590,4,ACE 미국주식베스트셀러,20035,5,-265,-1.31,20159.0,-6.2573,7540,151,481,2026-10-07 02:28:25,해외 주식
140950,1,파워 코스피100,85765,5,-1265,-1.45,85941.0,-15.446,1322,115,480,2026-10-07 02:28:25,국내 대표지수
442260,1,마이티 다이나믹퀀트액티브,38710,5,-55,-0.14,38373.0,-14.8958,58,2,480,2026-10-07 02:28:25,국내 대표지수
0178H0,7,IBK 미국AI TOP10국채혼합50,10305,5,-20,-0.19,10286.0,2.0316,22335,230,474,2026-10-07 02:28:25,기타
0194T0,2,ACE SK하이닉스단일종목레버리지,8775,5,-440,-4.77,8803.0,-56.4715,25729,230,474,2026-10-07 02:28:25,국내 업종/테마
440910,4,WON 미국우주항공방산,21535,2,155,0.72,21555.0,-29.0879,2157,46,474,2026-10-07 02:28:25,해외 주식
447430,2,ACE 주주환원가치주액티브,16540,5,-20,-0.12,16585.0,2.3552,4394,72,471,2026-10-07 02:28:25,국내 업종/테마
0020H0,4,KoAct 글로벌양자컴퓨팅액티브,22295,5,-300,-1.33,22394.0,-19.0869,4586,102,468,2026-10-07 02:28:25,해외 주식
123310,3,TIGER 인버스,1114,2,18,1.64,1113.0,2.6217,781816,864,467,2026-10-07 02:28:25,국내 파생
0086B0,2,TIGER 리츠부동산인프라TOP10액티브,9495,2,25,0.26,9511.0,-0.8724,31806,301,465,2026-10-07 02:28:25,국내 업종/테마
305050,1,ACE 코스피,71500,5,-1195,-1.64,71659.0,-12.6945,2257,163,465,2026-10-07 02:28:25,국내 대표지수
261220,5,KODEX WTI원유선물(H),26400,2,430,1.66,26398.0,35.472,18240,481,462,2026-10-07 02:28:25,원자재/원자재파생
238720,4,ACE 일본Nikkei225(H),51230,5,-535,-1.03,51181.0,1.6894,1640,84,461,2026-10-07 02:28:25,해외 주식
487130,2,KoAct AI인프라액티브,31735,5,-570,-1.76,31820.0,1.2695,1172,37,460,2026-10-07 02:28:25,국내 업종/테마
196030,4,ACE 일본TOPIX레버리지(H),91445,5,-3555,-3.74,94309.0,4.6889,1576,146,457,2026-10-07 02:28:25,해외 주식
481430,6,RISE 국고채10년액티브,98295,5,-25,-0.03,98265.0,-0.2385,7,0,457,2026-10-07 02:28:25,채권/금리
276990,4,KODEX 글로벌로봇(합성),25620,2,20,0.08,25665.0,-14.4386,908,23,453,2026-10-07 02:28:25,해외 주식
0186S0,7,1Q 코스닥150채권혼합50액티브,8800,5,-155,-1.73,8820.0,4.7729,422753,3750,453,2026-10-07 02:28:25,기타
371470,4,TIGER 차이나바이오테크SOLACTIVE,8580,5,-210,-2.39,8698.0,0.0569,10811,93,453,2026-10-07 02:28:25,해외 주식
375770,2,KODEX 탄소효율그린뉴딜,25035,5,-295,-1.16,24940.0,-12.052,4,0,451,2026-10-07 02:28:25,국내 업종/테마
360140,2,KODEX 200롱코스닥150숏선물,20405,2,200,0.99,20421.0,-23.2333,26281,534,449,2026-10-07 02:28:25,국내 업종/테마
200030,4,KODEX 미국S&P500산업재(합성),39705,2,185,0.47,39723.0,-18.9666,1109,43,447,2026-10-07 02:28:25,해외 주식
453650,4,KODEX 미국S&P500금융,17710,5,-45,-0.25,17769.0,-14.5098,3857,68,443,2026-10-07 02:28:25,해외 주식
0132H0,4,KODEX 미국원자력SMR,7265,2,355,5.14,7249.0,-30.0608,79673,578,436,2026-10-07 02:28:25,해외 주식
0112X0,1,마이티 200TR,41200,5,-545,-1.31,41187.0,-14.2814,287,11,433,2026-10-07 02:28:25,국내 대표지수
0089C0,4,KODEX 미국S&P500변동성확대시커버드콜,11290,2,40,0.36,11297.0,-8.1114,69,0,429,2026-10-07 02:28:25,해외 주식
440650,6,ACE 미국달러단기채권액티브,11280,5,-5,-0.04,11273.0,-11.698,6499,73,429,2026-10-07 02:28:25,채권/금리
0194M0,2,ACE 삼성전자단일종목레버리지,11875,5,-155,-1.29,11926.0,-38.6851,45314,547,422,2026-10-07 02:28:25,국내 업종/테마
0191M0,6,마이티 5월만기자동연장특수채(AAA)액티브,100945,3,0,0.0,101007.0,0.7585,0,0,418,2026-10-07 02:28:25,채권/금리
256750,4,KODEX 차이나심천ChiNext(합성),13625,5,-100,-0.73,13708.0,-30.2592,437,5,417,2026-10-07 02:28:25,해외 주식
401170,2,RISE 메타버스,10750,2,80,0.75,10749.0,-13.2521,908,9,413,2026-10-07 02:28:25,국내 업종/테마
100910,1,KIWOOM KRX100,17165,5,-310,-1.77,17189.0,-14.3314,203,3,412,2026-10-07 02:28:25,국내 대표지수
472840,1,IBK 200,108915,5,-1205,-1.09,109018.0,-14.8303,316,34,408,2026-10-07 02:28:25,국내 대표지수
491830,4,TIGER 미국AI반도체팹리스,24000,2,245,1.03,24144.0,-3.6189,2883,69,408,2026-10-07 02:28:25,해외 주식
183700,7,RISE 200채권혼합50,96790,5,-670,-0.69,96545.0,-6.6028,433,42,407,2026-10-07 02:28:25,기타
469050,4,RISE 미국반도체NYSE(H),35255,5,-190,-0.54,35404.0,1.9501,31192,1101,405,2026-10-07 02:28:25,해외 주식
448570,1,FOCUS AI코리아액티브,29855,5,-380,-1.26,29867.0,-10.0417,9,0,403,2026-10-07 02:28:25,국내 대표지수
450910,1,SOL 코스닥150,15130,5,-400,-2.58,15172.0,7.5857,43024,663,402,2026-10-07 02:28:25,국내 대표지수
472830,6,RISE 미국30년국채커버드콜(합성),7155,5,-25,-0.35,7175.0,-20.6839,19813,141,397,2026-10-07 02:28:25,채권/금리
275280,2,KODEX 모멘텀주,43480,5,-645,-1.46,43584.0,-14.0328,75,3,391,2026-10-07 02:28:25,국내 업종/테마
139280,2,TIGER 경기방어,12195,2,75,0.62,12199.0,-0.654,2014,24,390,2026-10-07 02:28:25,국내 업종/테마
0189B0,5,TIGER 은액티브,7415,2,50,0.68,7370.0,-13.353,3246,24,389,2026-10-07 02:28:25,원자재/원자재파생
322410,2,HANARO K고배당,22130,5,-135,-0.61,22161.0,-1.9677,3458,76,387,2026-10-07 02:28:25,국내 업종/테마
139320,5,TIGER 금은선물(H),17205,2,105,0.61,17256.0,-2.2858,3330,57,387,2026-10-07 02:28:25,원자재/원자재파생
428510,4,KODEX 차이나AI테크액티브,22655,5,-5,-0.02,22563.0,-27.7279,2493,56,385,2026-10-07 02:28:25,해외 주식
0007G0,4,PLUS 글로벌원자력밸류체인,12575,2,490,4.05,12653.0,-22.208,14067,178,384,2026-10-07 02:28:25,해외 주식
365000,2,TIGER 인터넷TOP10,3720,5,-105,-2.75,3728.0,1.1904,55562,209,378,2026-10-07 02:28:25,국내 업종/테마
494840,4,TIGER 미국방산TOP10,11265,5,-10,-0.09,11228.0,-21.3698,5169,58,377,2026-10-07 02:28:25,해외 주식
0234N0,2,KIWOOM 삼성SK그룹TOP4+,10510,5,-120,-1.13,10537.0,,256881,2716,373,2026-10-07 02:28:25,국내 업종/테마
276650,4,RISE 글로벌테크놀로지(합성 H),49470,2,225,0.46,49311.0,6.4296,85,4,371,2026-10-07 02:28:25,해외 주식
0197W0,2,SOL SK하이닉스단일종목레버리지,8565,5,-395,-4.41,8638.0,-57.5457,90523,785,370,2026-10-07 02:28:25,국내 업종/테마
195930,4,TIGER 유로스탁스50(합성 H),22950,2,45,0.2,23103.0,-3.0682,1205,27,367,2026-10-07 02:28:25,해외 주식
449690,4,TIGER 한중반도체(합성),48930,5,-60,-0.12,48672.0,-23.2132,4,0,367,2026-10-07 02:28:25,해외 주식
494410,4,PLUS 미국S&P500성장주,14630,2,35,0.24,14499.0,-5.0647,604,8,366,2026-10-07 02:28:25,해외 주식
400970,2,TIGER Fn메타버스,7260,2,65,0.9,7277.0,-13.2611,1644,11,363,2026-10-07 02:28:25,국내 업종/테마
0204S0,1,TIGER 코스닥액티브,8290,5,-175,-2.07,8307.0,14.1604,79987,665,360,2026-10-07 02:28:25,국내 대표지수
352540,7,KODEX 일본부동산리츠(H),10505,2,40,0.38,10483.0,-8.5757,2758,28,357,2026-10-07 02:28:25,기타
0085N0,6,ACE 미국10년국채액티브(H),9380,3,0,0.0,9395.0,-4.4647,62267,584,356,2026-10-07 02:28:25,채권/금리
385520,2,KODEX 자율주행액티브,16565,5,-310,-1.84,16576.0,-2.2873,1726,28,356,2026-10-07 02:28:25,국내 업종/테마
104530,2,KIWOOM 코리아고배당,17260,2,220,1.29,17272.0,-3.1153,6291,107,354,2026-10-07 02:28:25,국내 업종/테마
407830,4,에셋플러스 글로벌플랫폼액티브,14690,5,-90,-0.61,14709.0,-11.8139,172,2,353,2026-10-07 02:28:25,해외 주식
276970,4,KODEX 미국S&P500배당귀족커버드콜(합성 H),7490,5,-10,-0.13,7432.0,-2.5709,2769,20,352,2026-10-07 02:28:25,해외 주식
147970,2,TIGER 모멘텀,79890,5,-1325,-1.63,79958.0,-11.8761,545,43,352,2026-10-07 02:28:25,국내 업종/테마
464470,6,PLUS 미국채30년액티브,43640,5,-185,-0.42,43818.0,-19.9206,7319,319,351,2026-10-07 02:28:25,채권/금리
117460,2,KODEX 에너지화학,14735,5,-175,-1.17,14769.0,15.1324,17691,260,351,2026-10-07 02:28:25,국내 업종/테마
241390,7,RISE V&S셀렉트밸류채권혼합,15940,2,10,0.06,15825.0,-2.5092,1906,30,351,2026-10-07 02:28:25,기타
380340,2,ACE 코리아AI테크핵심산업,29100,5,-555,-1.87,29090.0,-5.9319,2437,71,349,2026-10-07 02:28:25,국내 업종/테마
0239Z0,2,PLUS AI반도체소부장액티브,12470,5,-295,-2.31,12498.0,,236578,2946,349,2026-10-07 02:28:25,국내 업종/테마
266360,2,KODEX K콘텐츠,9340,2,150,1.63,9367.0,-10.0783,13169,123,346,2026-10-07 02:28:25,국내 업종/테마
0184E0,7,1Q 200채권혼합50액티브,11075,5,-95,-0.85,11091.0,-5.6516,78227,872,343,2026-10-07 02:28:25,기타
449780,4,KIWOOM 미국S&P500(H),18985,2,90,0.48,18971.0,2.7774,15748,299,342,2026-10-07 02:28:25,해외 주식
0192L0,2,RISE SK하이닉스단일종목레버리지,8920,5,-400,-4.29,8985.0,-56.3364,22215,202,341,2026-10-07 02:28:25,국내 업종/테마
459560,4,KODEX 테슬라밸류체인FactSet,22700,2,50,0.22,22812.0,-13.6867,2508,57,341,2026-10-07 02:28:25,해외 주식
475070,4,KoAct 글로벌친환경전력인프라액티브,30510,2,310,1.03,30590.0,-17.8232,2217,67,336,2026-10-07 02:28:25,해외 주식
465660,4,TIGER 일본반도체FACTSET,26800,5,-990,-3.56,26875.0,-14.3528,8081,217,335,2026-10-07 02:28:25,해외 주식
491090,4,KODEX 미국테크TOP3플러스,18535,5,-55,-0.3,18556.0,-1.479,4572,84,334,2026-10-07 02:28:25,해외 주식
0023B0,4,PLUS 미국양자컴퓨팅TOP10,15500,5,-150,-0.96,15516.0,-20.0716,9191,142,333,2026-10-07 02:28:25,해외 주식
0100K0,2,KODEX 방산TOP10레버리지,5525,5,-455,-7.61,5492.0,-40.2,670096,3781,332,2026-10-07 02:28:25,국내 업종/테마
138910,5,KODEX 구리선물(H),10020,5,-5,-0.05,10008.0,4.9738,8057,80,331,2026-10-07 02:28:25,원자재/원자재파생
105780,2,RISE 5대그룹주,16515,5,-220,-1.31,16528.0,-15.6077,943,15,330,2026-10-07 02:28:25,국내 업종/테마
446690,4,KODEX 아시아AI반도체exChina액티브,65805,5,-1510,-2.24,65850.0,-8.9378,3784,251,329,2026-10-07 02:28:25,해외 주식
474800,4,KIWOOM 미국원유에너지기업,15605,2,65,0.42,15559.0,3.8723,34661,539,328,2026-10-07 02:28:25,해외 주식
498860,2,RISE 코리아금융고배당,16310,2,35,0.22,16321.0,-12.5237,2444,39,326,2026-10-07 02:28:25,국내 업종/테마
0154F0,2,WON 초대형IB&금융지주,11855,5,-60,-0.5,11892.0,-9.3227,3649,43,326,2026-10-07 02:28:25,국내 업종/테마
0138T0,4,RISE 미국S&P500데일리고정커버드콜,9300,5,-10,-0.11,9325.0,-9.0301,4161,38,326,2026-10-07 02:28:25,해외 주식
0192T0,2,SOL 코스닥TOP10,7735,5,-265,-3.31,7750.0,7.1667,192045,1509,325,2026-10-07 02:28:25,국내 업종/테마
0089B0,7,PLUS 미국나스닥100미국채혼합50,11200,5,-20,-0.18,11212.0,-9.3844,2223,24,325,2026-10-07 02:28:25,기타
122260,6,KIWOOM 통안채1년,104415,2,40,0.04,104431.0,0.646,8152,851,324,2026-10-07 02:28:25,채권/금리
261060,2,TIGER 코스닥150IT,29395,5,-1055,-3.46,29438.0,22.9806,24368,723,323,2026-10-07 02:28:25,국내 업종/테마
252710,3,TIGER 200선물인버스2X,79,2,1,1.28,79.0,-2.5,58961376,4595,323,2026-10-07 02:28:25,국내 파생
0150K0,2,KoAct 수소전력ESS인프라액티브,11730,5,-205,-1.72,11737.0,19.9497,11880,140,323,2026-10-07 02:28:25,국내 업종/테마
0218J0,7,RISE 미국우주&로봇TOP2미국채혼합50,9310,5,-105,-1.12,9360.0,,76116,710,321,2026-10-07 02:28:25,기타
217770,5,TIGER 원유선물인버스(H),1119,5,-10,-0.89,1117.0,-31.0324,152180,170,321,2026-10-07 02:28:25,원자재/원자재파생
494340,4,ACE 글로벌AI맞춤형반도체,21310,2,80,0.38,21510.0,-14.0312,8110,174,320,2026-10-07 02:28:25,해외 주식
452250,6,ACE 미국30년국채선물레버리지(합성 H),4120,5,-10,-0.24,4135.0,-19.1781,212857,882,319,2026-10-07 02:28:25,채권/금리
261250,7,KODEX 미국달러선물레버리지,15040,5,-60,-0.4,15047.0,-22.6038,54122,810,319,2026-10-07 02:28:25,기타
464920,4,PLUS 일본반도체소부장,26525,5,-645,-2.37,26135.0,-8.7949,21985,585,318,2026-10-07 02:28:25,해외 주식
0166N0,1,PLUS 코스닥150액티브,9300,5,-220,-2.31,9335.0,11.737,32365,302,316,2026-10-07 02:28:25,국내 대표지수
156080,1,KODEX MSCI Korea,52235,5,-515,-0.98,52325.0,-15.1697,3577,189,313,2026-10-07 02:28:25,국내 대표지수
322400,2,HANARO e커머스,9490,5,-50,-0.52,9499.0,-8.9261,4867,46,313,2026-10-07 02:28:25,국내 업종/테마
275290,2,KODEX 가치주,34705,5,-165,-0.47,34791.0,-12.5756,63,2,312,2026-10-07 02:28:25,국내 업종/테마
261140,2,TIGER 우선주,24375,5,-230,-0.93,24398.0,-9.1571,944,23,312,2026-10-07 02:28:25,국내 업종/테마
395290,2,HANARO Fn K-POP&미디어,4875,2,130,2.74,4883.0,-15.7942,71278,346,312,2026-10-07 02:28:25,국내 업종/테마
469790,2,KIWOOM 코리아테크TOP10,44405,5,-825,-1.82,44472.0,-11.4572,320,14,311,2026-10-07 02:28:25,국내 업종/테마
174360,4,RISE 중국본토대형주CSI100,22105,2,110,0.5,21416.0,-18.4162,485,10,309,2026-10-07 02:28:25,해외 주식
227540,2,TIGER 200 헬스케어,18380,5,-145,-0.78,18428.0,2.0661,18574,342,309,2026-10-07 02:28:25,국내 업종/테마
387270,4,TIGER 글로벌이노베이션액티브,26540,5,-20,-0.08,26545.0,-9.6753,115,3,308,2026-10-07 02:28:25,해외 주식
395170,2,KODEX Top10동일가중,15380,5,-105,-0.68,15418.0,-19.4232,3694,57,308,2026-10-07 02:28:25,국내 업종/테마
468630,6,KODEX iShares미국투자등급회사채액티브,10150,5,-5,-0.05,10174.0,-16.6596,15284,155,306,2026-10-07 02:28:25,채권/금리
459750,4,RISE 글로벌주식분산액티브,17435,2,10,0.06,17456.0,-10.6108,2069,36,305,2026-10-07 02:28:25,해외 주식
153270,1,KIWOOM 코스피100,84180,5,-850,-1.0,84229.0,-15.179,370,31,303,2026-10-07 02:28:25,국내 대표지수
099140,4,KODEX 차이나H,19755,5,-145,-0.73,19798.0,-8.6125,2847,56,302,2026-10-07 02:28:25,해외 주식
0155N0,2,HANARO K휴머노이드테마TOP10,7745,5,-245,-3.07,7755.0,1.0752,16953,134,302,2026-10-07 02:28:25,국내 업종/테마
139270,2,TIGER 200 금융,16385,5,-15,-0.09,16405.0,-6.512,11981,196,301,2026-10-07 02:28:25,국내 업종/테마
459790,4,KIWOOM 미국성장기업30액티브,20790,2,20,0.1,20809.0,-10.954,14,0,301,2026-10-07 02:28:25,해외 주식
426150,6,WON 대한민국국고채액티브,51465,5,-50,-0.1,51570.0,-0.1357,7,0,300,2026-10-07 02:28:25,채권/금리
0192M0,2,RISE 삼성전자단일종목레버리지,12025,5,-135,-1.11,12085.0,-38.2114,50243,619,298,2026-10-07 02:28:25,국내 업종/테마
465350,3,RISE 2차전지TOP10인버스(합성),14820,2,195,1.33,14920.0,-23.0669,74092,1097,296,2026-10-07 02:28:25,국내 파생
145850,2,TREX 펀더멘탈 200,117350,3,0,0.0,115949.0,-8.2585,0,0,293,2026-10-07 02:28:25,국내 업종/테마
450190,4,KODEX 한중반도체(합성),48765,5,-960,-1.93,49081.0,-22.5816,392,19,293,2026-10-07 02:28:25,해외 주식
0083S0,4,1Q 미국메디컬AI,11250,5,-1210,-9.71,11241.0,5.6286,103067,1156,293,2026-10-07 02:28:25,해외 주식
289480,3,TIGER 200커버드콜,13255,5,-135,-1.01,13284.0,7.9817,12926,172,292,2026-10-07 02:28:25,국내 파생
248270,4,TIGER S&P글로벌헬스케어(합성),25105,2,15,0.06,25150.0,-13.9428,837,21,291,2026-10-07 02:28:25,해외 주식
0155M0,4,ACE 미국SMR원자력TOP10,6385,2,345,5.71,6393.0,-26.1163,30146,193,291,2026-10-07 02:28:25,해외 주식
192720,2,파워 고배당저변동성,56890,2,85,0.15,56962.0,-2.1068,707,40,290,2026-10-07 02:28:25,국내 업종/테마
476690,4,TIGER 글로벌비만치료제TOP2Plus,9635,2,65,0.68,9645.0,-20.7874,6339,61,289,2026-10-07 02:28:25,해외 주식
253250,3,KIWOOM 200선물레버리지,99000,5,-2975,-2.92,99476.0,-36.3214,847,86,287,2026-10-07 02:28:25,국내 파생
0223R0,4,TIGER 미국테크NYSE100액티브,9925,2,15,0.15,9973.0,,29210,291,286,2026-10-07 02:28:25,해외 주식
256440,4,ACE MSCI인도네시아(합성),4680,5,-30,-0.64,4708.0,-12.8585,8725,40,285,2026-10-07 02:28:25,해외 주식
245350,4,TIGER 유로스탁스배당30,17580,5,-95,-0.54,17753.0,-12.3197,3671,64,281,2026-10-07 02:28:25,해외 주식
352560,7,KODEX 미국부동산리츠(H),11350,2,100,0.89,11435.0,-9.985,1555,17,278,2026-10-07 02:28:25,기타
0224X0,7,1Q 엔비디아알파벳미국채혼합50,9750,2,10,0.1,9704.0,,25879,251,278,2026-10-07 02:28:25,기타
117680,2,KODEX 철강,11950,5,-585,-4.67,11951.0,9.7838,18317,222,276,2026-10-07 02:28:25,국내 업종/테마
489290,4,WON 미국빌리어네어,14920,2,140,0.95,14937.0,-7.7692,1844,27,276,2026-10-07 02:28:25,해외 주식
415920,5,PLUS 글로벌희토류&전략자원생산기업,5800,5,-50,-0.85,5790.0,-33.5982,13702,79,276,2026-10-07 02:28:25,원자재/원자재파생
223190,2,KODEX 200가치저변동,27490,5,-245,-0.88,27489.0,-8.2147,44,1,275,2026-10-07 02:28:25,국내 업종/테마
496770,4,PLUS 글로벌방산,15240,5,-170,-1.1,15222.0,-18.9161,2577,39,274,2026-10-07 02:28:25,해외 주식
0049K0,7,ACE 미국배당퀄리티채권혼합50,10960,2,45,0.41,10953.0,-5.1929,8333,91,274,2026-10-07 02:28:25,기타
167860,6,KIWOOM 국고채10년레버리지,91980,5,-240,-0.26,92073.0,-1.3163,1,0,267,2026-10-07 02:28:25,채권/금리
415340,4,KODEX 차이나과창판STAR50(합성),12835,2,85,0.67,12869.0,-32.4504,513,6,266,2026-10-07 02:28:25,해외 주식
0013R0,7,RISE 테슬라미국채타겟커버드콜혼합(합성),7375,5,-10,-0.14,7365.0,-18.5185,3460,25,266,2026-10-07 02:28:25,기타
0107F0,4,KIWOOM 미국고배당&AI테크,10615,5,-70,-0.66,10702.0,-14.6983,1325,14,265,2026-10-07 02:28:25,해외 주식
0137W0,4,KIWOOM 미국S&P500&GOLD,10205,2,45,0.44,10223.0,-9.2799,1463,14,265,2026-10-07 02:28:25,해외 주식
271060,5,KODEX 3대농산물선물(H),8810,2,200,2.32,8841.0,8.9873,8759,77,264,2026-10-07 02:28:25,원자재/원자재파생
481340,6,RISE 미국30년국채액티브,7720,5,-25,-0.32,7745.0,-20.9878,33821,260,262,2026-10-07 02:28:25,채권/금리
139250,2,TIGER 200 에너지화학,18405,5,-110,-0.59,18461.0,7.5438,12408,228,261,2026-10-07 02:28:25,국내 업종/테마
0047R0,4,RISE 팔란티어고정테크100,15690,2,90,0.58,15728.0,0.6772,2124,33,259,2026-10-07 02:28:25,해외 주식
277540,4,ACE 아시아TOP50,32300,5,-370,-1.13,32147.0,-9.9256,1802,58,258,2026-10-07 02:28:25,해외 주식
483570,4,KCGI 미국S&P500 TOP10,16120,2,20,0.12,16126.0,-2.9244,1285,20,258,2026-10-07 02:28:25,해외 주식
437350,6,RISE 미국단기투자등급회사채액티브,11700,5,-20,-0.17,11721.0,-13.4417,5498,64,257,2026-10-07 02:28:25,채권/금리
475270,6,ACE 5월만기자동연장회사채AA-이상액티브,10755,2,5,0.05,10762.0,0.7969,1,0,256,2026-10-07 02:28:25,채권/금리
476070,4,KODEX 글로벌비만치료제TOP2 Plus,9830,5,-75,-0.76,9829.0,-21.7553,2020,19,256,2026-10-07 02:28:25,해외 주식
0152E0,2,SOL 배당성향탑픽액티브,10645,2,70,0.66,10668.0,-7.2303,5014,53,255,2026-10-07 02:28:25,국내 업종/테마
440340,7,TIGER 글로벌멀티에셋TIF액티브,11355,2,20,0.18,11374.0,-13.6882,7347,83,255,2026-10-07 02:28:25,기타
475380,7,RISE 글로벌리얼티인컴,9600,2,105,1.11,9559.0,-16.0966,13158,125,254,2026-10-07 02:28:25,기타
367740,2,HANARO Fn5G산업,45635,5,-865,-1.86,45739.0,3.6096,178,8,251,2026-10-07 02:28:25,국내 업종/테마
292500,1,SOL KRX300,50120,3,0,0.0,49663.0,-13.714,0,0,251,2026-10-07 02:28:25,국내 대표지수
0203S0,7,WON 삼성전자현대차채권혼합50,8440,5,-45,-0.53,8452.0,-10.0689,9134,77,249,2026-10-07 02:28:25,기타
493420,4,SOL 미국배당다우존스2호,11845,5,-25,-0.21,11859.0,-10.9529,10719,126,249,2026-10-07 02:28:25,해외 주식
0115C0,4,RISE 미국고배당다우존스TOP10,10310,2,5,0.05,10332.0,-14.818,514,5,247,2026-10-07 02:28:25,해외 주식
496120,1,ACE 코리아밸류업,32990,5,-400,-1.2,33056.0,-14.6316,213,7,247,2026-10-07 02:28:25,국내 대표지수
159800,1,마이티 코스피100,88140,2,380,0.43,86695.0,-15.2283,4,0,247,2026-10-07 02:28:25,국내 대표지수
368190,2,HANARO Fn K-뉴딜디지털플러스,7685,5,-135,-1.73,7708.0,4.6153,2677,20,246,2026-10-07 02:28:25,국내 업종/테마
0097L0,7,KIWOOM 한국고배당&미국AI테크,12570,2,60,0.48,12551.0,-5.1444,1415,17,245,2026-10-07 02:28:25,기타
292160,1,TIGER KRX300,48730,5,-765,-1.55,48719.0,-13.7157,10515,517,244,2026-10-07 02:28:25,국내 대표지수
0093D0,7,KoAct 팔란티어밸류체인액티브,18720,2,30,0.16,18812.0,-7.5668,5842,109,243,2026-10-07 02:28:25,기타
0223A0,2,RISE 코스닥커버드콜액티브,11840,5,-360,-2.95,11852.0,,141788,1688,243,2026-10-07 02:28:25,국내 업종/테마
0209Z0,2,ACE 코리아AI전력TOP10,7032,5,-288,-3.93,7041.0,-8.1556,225995,1637,243,2026-10-07 02:28:25,국내 업종/테마
0177A0,2,WON 두산그룹포커스,9440,5,-235,-2.43,9447.0,-1.7767,28284,270,241,2026-10-07 02:28:25,국내 업종/테마
245360,4,TIGER 차이나HSCEI,11455,5,-120,-1.04,11439.0,-7.9743,4430,50,241,2026-10-07 02:28:25,해외 주식
414270,4,ACE 글로벌자율주행액티브,11160,5,-10,-0.09,11175.0,-17.8979,23929,266,240,2026-10-07 02:28:25,해외 주식
479850,2,HANARO K-뷰티,17675,2,465,2.7,17675.0,6.0708,68003,1193,239,2026-10-07 02:28:25,국내 업종/테마
0164G0,4,RISE 차이나AI반도체TOP4Plus,11325,5,-30,-0.26,11348.0,-33.7128,1418,16,238,2026-10-07 02:28:25,해외 주식
364690,1,KODEX 혁신기술테마액티브,39500,5,-400,-1.0,39382.0,-14.4133,870,34,237,2026-10-07 02:28:25,국내 대표지수
0103T0,2,1Q K소버린AI,8170,5,-180,-2.16,8176.0,3.8557,106009,872,237,2026-10-07 02:28:25,국내 업종/테마
442550,7,RISE TDF2030액티브 적격,14745,2,25,0.17,14689.0,-4.9847,2148,31,236,2026-10-07 02:28:25,기타
0127R0,4,RISE 미국AI클라우드인프라,17465,2,470,2.77,17628.0,-8.3995,9816,172,236,2026-10-07 02:28:25,해외 주식
195970,4,PLUS 선진국MSCI(합성 H),15960,5,-55,-0.34,16043.0,-1.3855,1536,24,233,2026-10-07 02:28:25,해외 주식
0238C0,7,IBK 한미대표기업TOP2+채권혼합50액티브,10215,2,15,0.15,10237.0,,2276,23,230,2026-10-07 02:28:25,기타
0047P0,4,RISE 테슬라고정테크100,14810,2,15,0.1,14855.0,-8.5542,1246,18,230,2026-10-07 02:28:25,해외 주식
185680,4,KODEX 미국S&P바이오(합성),43090,5,-1610,-3.6,43171.0,-15.6684,1314,56,229,2026-10-07 02:28:25,해외 주식
138230,7,KIWOOM 미국달러선물,15740,5,-45,-0.29,15763.0,-11.5934,435,6,228,2026-10-07 02:28:25,기타
300950,2,KODEX 게임산업,5420,2,50,0.93,5454.0,-8.5179,45890,249,228,2026-10-07 02:28:25,국내 업종/테마
469160,4,ACE 일본반도체,26570,5,-495,-1.83,26539.0,-17.7106,3409,90,226,2026-10-07 02:28:25,해외 주식
261120,7,TIGER 미국달러선물인버스2X,5630,2,25,0.45,5624.0,29.4457,2303,12,225,2026-10-07 02:28:25,기타
464600,2,SOL 자동차소부장Fn,25000,5,-600,-2.34,25005.0,-0.2339,2519,63,225,2026-10-07 02:28:25,국내 업종/테마
388280,2,RISE K엔터&여행레저,6915,2,100,1.47,6927.0,-18.9174,5589,38,224,2026-10-07 02:28:25,국내 업종/테마
433220,4,에셋플러스 글로벌대장장이액티브,29980,2,85,0.28,29996.0,-13.3981,141,4,222,2026-10-07 02:28:25,해외 주식
376410,2,TIGER 탄소효율그린뉴딜,24640,5,-245,-0.98,24686.0,-12.0903,243,6,222,2026-10-07 02:28:25,국내 업종/테마
0186L0,4,KoAct 미국로봇피지컬AI액티브,9625,5,-20,-0.21,9670.0,-15.8377,5960,57,221,2026-10-07 02:28:25,해외 주식
375760,2,HANARO 탄소효율그린뉴딜,24540,5,-230,-0.93,24571.0,-13.0041,21,0,221,2026-10-07 02:28:25,국내 업종/테마
447660,7,PLUS 애플채권혼합,13765,5,-5,-0.04,13813.0,-1.0805,9889,136,220,2026-10-07 02:28:25,기타
419430,4,KODEX 차이나2차전지MSCI(합성),7860,5,-20,-0.25,7860.0,-29.737,1068,8,220,2026-10-07 02:28:25,해외 주식
0206G0,7,1Q 현대차기아채권혼합50,7580,5,-125,-1.62,7597.0,-15.2832,205960,1567,220,2026-10-07 02:28:25,기타
239660,6,PLUS 우량회사채50,122030,2,65,0.05,122029.0,0.7434,1497,182,220,2026-10-07 02:28:25,채권/금리
304770,1,HANARO 코스닥150,15455,5,-390,-2.46,15508.0,7.4601,2574,40,219,2026-10-07 02:28:25,국내 대표지수
461450,1,KODEX 코스닥글로벌,16810,5,-270,-1.58,16853.0,7.3876,2287,38,219,2026-10-07 02:28:25,국내 대표지수
0239Y0,2,PLUS 코리아HBM반도체,10910,5,-390,-3.45,10936.0,,97887,1078,218,2026-10-07 02:28:25,국내 업종/테마
108590,1,TREX 200,108815,5,-1650,-1.49,109057.0,-14.6952,38,4,218,2026-10-07 02:28:25,국내 대표지수
280930,4,KODEX 미국러셀2000(H),15950,5,-170,-1.05,15990.0,-5.1486,12305,196,215,2026-10-07 02:28:25,해외 주식
225130,4,ACE 골드선물 레버리지(합성 H),43030,2,270,0.63,42950.0,-4.3187,159,6,215,2026-10-07 02:28:25,해외 주식
0198D0,2,1Q SK하이닉스선물단일종목레버리지,9070,5,-475,-4.98,9130.0,-57.2549,12167,114,215,2026-10-07 02:28:25,국내 업종/테마
0190M0,4,KIWOOM 미국AI테크하이베타,8770,2,30,0.34,8856.0,-19.8166,28802,255,215,2026-10-07 02:28:25,해외 주식
269420,4,KODEX S&P글로벌인프라(합성),20705,2,245,1.2,20734.0,-19.9061,838,17,214,2026-10-07 02:28:25,해외 주식
0026E0,4,KODEX 미국S&P500버퍼3월액티브,11535,3,0,0.0,11570.0,-9.1017,8,0,213,2026-10-07 02:28:25,해외 주식
411540,1,SOL 200 Top10,16390,5,-345,-2.06,16418.0,-16.0421,7355,121,213,2026-10-07 02:28:25,국내 대표지수
0193L0,2,PLUS 삼성전자선물단일종목인버스2X,7930,2,60,0.76,7927.0,-37.04,870085,6708,213,2026-10-07 02:28:25,국내 업종/테마
471460,6,KIWOOM 국고채30년액티브,45960,5,-20,-0.04,45898.0,-1.023,916,41,211,2026-10-07 02:28:25,채권/금리
300640,2,RISE 게임테마,6470,2,65,1.01,6476.0,-4.1885,5119,33,210,2026-10-07 02:28:25,국내 업종/테마
364990,2,TIGER 게임TOP10,4620,2,105,2.33,4621.0,-9.3374,153150,708,210,2026-10-07 02:28:25,국내 업종/테마
253290,7,RISE 헬스케어채권혼합,11640,2,35,0.3,11644.0,-0.7696,2611,30,210,2026-10-07 02:28:25,기타
0192S0,7,SOL 코스피200채권혼합50,9485,5,-35,-0.37,9492.0,-7.4492,135910,1291,209,2026-10-07 02:28:25,기타
371450,4,TIGER 글로벌클라우드컴퓨팅INDXX,13690,5,-150,-1.08,13741.0,6.4206,3318,45,208,2026-10-07 02:28:25,해외 주식
461600,6,SOL 미국30년국채액티브(H),7850,5,-15,-0.19,7841.0,-9.0752,452,3,208,2026-10-07 02:28:25,채권/금리
337120,2,KODEX 멀티팩터,34535,5,-445,-1.27,34659.0,-14.2034,5160,179,207,2026-10-07 02:28:25,국내 업종/테마
0231Z0,7,KODEX 코리아TDF2065액티브 적격,10360,5,-120,-1.15,10387.0,,60340,626,207,2026-10-07 02:28:25,기타
226980,1,KODEX 200 중소형,23000,5,-305,-1.31,23028.0,0.6995,1133,26,207,2026-10-07 02:28:25,국내 대표지수
404120,2,TIME K신재생에너지액티브,25860,5,-625,-2.36,25917.0,-1.7801,1441,37,207,2026-10-07 02:28:25,국내 업종/테마
152380,6,KODEX 국채선물10년,64945,2,80,0.12,64949.0,-0.3916,2017,130,207,2026-10-07 02:28:25,채권/금리
289040,2,KODEX MSCI KOREA ESG유니버설,34090,5,-215,-0.63,33826.0,-11.3356,1,0,205,2026-10-07 02:28:25,국내 업종/테마
0203R0,6,WON 중단기종합채권(A-이상)액티브,50520,3,0,0.0,50577.0,0.6474,0,0,202,2026-10-07 02:28:25,채권/금리
289250,2,TIGER MSCI KOREA ESG유니버설,35240,5,-485,-1.36,35203.0,-12.4423,8,0,201,2026-10-07 02:28:25,국내 업종/테마
0241R0,7,TIGER 현대차LG전자고정피지컬AI밸류체인,9975,5,-460,-4.41,10038.0,,268181,2729,200,2026-10-07 02:28:25,기타
477730,4,KODEX 인도타타그룹,6740,2,15,0.22,6754.0,-18.0668,204,1,199,2026-10-07 02:28:25,해외 주식
204450,4,KODEX 차이나H레버리지(H),2090,5,-20,-0.95,2101.0,4.9751,7435,15,199,2026-10-07 02:28:25,해외 주식
417630,2,TIGER KEDI혁신기업ESG30,18900,5,-290,-1.51,18927.0,-6.6635,85,1,198,2026-10-07 02:28:25,국내 업종/테마
489000,6,PLUS 일본엔화초단기국채(합성),8970,5,-30,-0.33,8976.0,-9.8648,38234,342,197,2026-10-07 02:28:25,채권/금리
404260,2,KODEX 기후변화솔루션,24615,5,-485,-1.93,24605.0,-3.0874,379,9,197,2026-10-07 02:28:25,국내 업종/테마
463300,4,RISE 중국본토CSI300,12250,5,-25,-0.2,12292.0,-19.1245,250,3,196,2026-10-07 02:28:25,해외 주식
461910,4,PLUS 미국테크TOP10레버리지(합성),38910,2,380,0.99,38889.0,-3.7112,1614,62,195,2026-10-07 02:28:25,해외 주식
379790,4,RISE 유로스탁스50(H),16885,5,-80,-0.47,17056.0,-3.085,4671,79,194,2026-10-07 02:28:25,해외 주식
091220,2,TIGER 은행,16425,2,30,0.18,16437.0,-0.0798,11897,195,194,2026-10-07 02:28:25,국내 업종/테마
437070,6,KODEX 아시아달러채권ESG플러스액티브,55835,5,-110,-0.2,55967.0,-14.8064,250,13,193,2026-10-07 02:28:25,채권/금리
456680,4,TIGER 차이나전기차레버리지(합성),4705,5,-45,-0.95,4755.0,-49.7621,1556,7,192,2026-10-07 02:28:25,해외 주식
169950,4,KODEX 차이나A50,23965,5,-10,-0.04,23878.0,-15.2678,37,0,192,2026-10-07 02:28:25,해외 주식
304760,1,HANARO KRX300,47745,5,-330,-0.69,47778.0,-14.6215,26,1,191,2026-10-07 02:28:25,국내 대표지수
0067V0,4,TIGER 차이나글로벌리더스TOP3+,8675,2,15,0.17,8690.0,-23.9684,215,1,191,2026-10-07 02:28:25,해외 주식
228820,1,TIGER KTOP30,18950,5,-295,-1.53,18974.0,-10.8333,12370,236,190,2026-10-07 02:28:25,국내 대표지수
497780,4,KoAct 미국천연가스인프라액티브,9930,2,75,0.76,9940.0,-12.5602,5292,52,189,2026-10-07 02:28:25,해외 주식
229720,1,KODEX KTOP30,37650,5,-535,-1.4,37594.0,-10.2761,1688,64,188,2026-10-07 02:28:25,국내 대표지수
381560,2,HANARO Fn전기&수소차,17865,5,-390,-2.14,17868.0,-3.1869,4910,88,188,2026-10-07 02:28:25,국내 업종/테마
284980,2,RISE 200금융,21800,5,-145,-0.66,21821.0,-5.9005,856,18,187,2026-10-07 02:28:25,국내 업종/테마
183710,7,RISE 주식혼합,93515,5,-1025,-1.08,93512.0,-10.9038,13,1,187,2026-10-07 02:28:25,기타
0153X0,4,PLUS 미국고배당주액티브,10390,2,35,0.34,10404.0,-8.1148,3506,36,187,2026-10-07 02:28:25,해외 주식
487950,4,KODEX 대만테크고배당다우존스,12860,5,-120,-0.92,12772.0,-9.8942,3074,39,186,2026-10-07 02:28:25,해외 주식
465670,4,TIGER 미국캐시카우100,15500,5,-15,-0.1,15664.0,-6.1392,5713,88,186,2026-10-07 02:28:25,해외 주식
461900,4,PLUS 미국테크TOP10,23200,2,115,0.5,23175.0,-1.5985,12646,293,186,2026-10-07 02:28:25,해외 주식
445910,2,TIGER MKF배당귀족,20545,5,-35,-0.17,20551.0,0.4714,1315,27,185,2026-10-07 02:28:25,국내 업종/테마
276000,4,TIGER 글로벌자원생산기업(합성 H),20535,2,165,0.81,20450.0,8.0063,357,7,185,2026-10-07 02:28:25,해외 주식
416090,4,ACE 중국과창판STAR50,11500,2,50,0.44,11604.0,-32.8052,2893,33,184,2026-10-07 02:28:25,해외 주식
213630,4,PLUS 미국다우존스고배당주(합성 H),19975,2,75,0.38,19959.0,-4.2579,916,18,184,2026-10-07 02:28:25,해외 주식
438320,4,TIGER 차이나항셍테크레버리지(합성 H),4250,5,-80,-1.85,4256.0,-16.0039,20437,88,184,2026-10-07 02:28:25,해외 주식
385600,2,ACE 2차전지&친환경차액티브,12175,5,-265,-2.13,12189.0,0.2821,2148,26,183,2026-10-07 02:28:25,국내 업종/테마
0104P0,2,TIGER 코리아배당다우존스위클리커버드콜,10725,2,5,0.05,10735.0,-3.1133,1367,14,182,2026-10-07 02:28:25,국내 업종/테마
195920,4,TIGER 일본TOPIX(합성 H),36275,2,330,0.92,36114.0,2.0005,444,16,181,2026-10-07 02:28:25,해외 주식
445690,2,BNK 주주가치액티브,30190,5,-160,-0.53,30044.0,-11.3481,7,0,181,2026-10-07 02:28:25,국내 업종/테마
0018Z0,4,RISE 미국양자컴퓨팅,18045,2,45,0.25,18078.0,-13.732,880,15,180,2026-10-07 02:28:25,해외 주식
225060,4,TIGER 이머징마켓MSCI레버리지(합성 H),17005,2,230,1.37,16819.0,0.3289,14,0,180,2026-10-07 02:28:25,해외 주식
449580,7,RISE 테슬라애플아마존채권혼합,16230,2,15,0.09,16201.0,-3.4386,2668,43,179,2026-10-07 02:28:25,기타
227830,1,PLUS 코스피,71235,5,-865,-1.2,71373.0,-13.1913,217,15,178,2026-10-07 02:28:25,국내 대표지수
407310,1,HANARO 200 TOP10,16085,5,-220,-1.35,16082.0,-16.3745,1949,31,177,2026-10-07 02:28:25,국내 대표지수
289260,2,TIGER MSCI KOREA ESG리더스,29290,5,-210,-0.71,29108.0,-10.8223,2,0,176,2026-10-07 02:28:25,국내 업종/테마
391670,1,HK 베스트일레븐액티브,29205,5,-240,-0.82,29241.0,-15.2052,1023,30,175,2026-10-07 02:28:25,국내 대표지수
0144M0,4,KODEX 미국드론UAM TOP10,6130,2,10,0.16,6120.0,-29.7763,10385,63,175,2026-10-07 02:28:25,해외 주식
292050,1,RISE KRX300,49875,5,-610,-1.21,49905.0,-14.0242,2709,137,175,2026-10-07 02:28:25,국내 대표지수
0086C0,7,TIGER 리츠부동산인프라10채권혼합액티브,9830,3,0,0.0,9830.0,0.3058,449,4,172,2026-10-07 02:28:25,기타
477490,4,에셋플러스 글로벌일등기업포커스10액티브,19005,2,5,0.03,19005.0,-11.669,60,1,171,2026-10-07 02:28:25,해외 주식
457690,6,KODEX 33-06 국고채액티브,10530,2,5,0.05,10532.0,0.238,4916,51,171,2026-10-07 02:28:25,채권/금리
0105D0,2,SOL 한국AI소프트웨어,8900,5,-155,-1.71,8925.0,-2.0552,19425,173,169,2026-10-07 02:28:25,국내 업종/테마
468370,6,KODEX iShares미국인플레이션국채액티브,10050,5,-15,-0.15,10061.0,-15.0061,11430,114,168,2026-10-07 02:28:25,채권/금리
0065G0,4,KODEX 차이나테크TOP10,7785,5,-55,-0.7,7799.0,-17.7458,3986,31,167,2026-10-07 02:28:25,해외 주식
176950,6,KODEX 국채선물10년인버스,60610,2,60,0.1,60609.0,1.1949,2153,130,167,2026-10-07 02:28:25,채권/금리
488290,4,MIDAS 일본테크액티브,47590,5,-980,-2.02,47377.0,-13.6227,674,32,167,2026-10-07 02:28:25,해외 주식
451600,6,PLUS 국고채30년액티브,85580,5,-25,-0.03,85560.0,-0.9889,613,52,166,2026-10-07 02:28:25,채권/금리
460660,4,RISE 미국S&P배당킹,11005,2,30,0.27,10960.0,-17.1824,2173,23,165,2026-10-07 02:28:25,해외 주식
219390,4,RISE 미국S&P원유생산기업(합성 H),8230,2,70,0.86,8292.0,19.2111,18140,149,165,2026-10-07 02:28:25,해외 주식
494420,2,PLUS 미국배당증가성장주데일리커버드콜,8645,5,-40,-0.46,8647.0,-12.6038,7527,65,164,2026-10-07 02:28:25,국내 업종/테마
0051A0,4,KoAct 브로드컴밸류체인액티브,25260,5,-50,-0.2,25422.0,-8.064,1312,33,164,2026-10-07 02:28:25,해외 주식
0198B0,2,1Q 삼성전자선물단일종목레버리지,12265,5,-140,-1.13,12310.0,-38.9067,7900,99,163,2026-10-07 02:28:25,국내 업종/테마
483330,4,ACE 마이크로소프트밸류체인액티브,15515,2,90,0.58,15501.0,4.7894,7675,119,163,2026-10-07 02:28:25,해외 주식
474920,4,에셋플러스 차이나일등기업포커스10액티브,17185,5,-240,-1.38,17173.0,-14.6043,158,2,162,2026-10-07 02:28:25,해외 주식
415760,4,SOL 차이나육성산업액티브(합성),11870,2,35,0.3,11957.0,-31.7278,1075,12,161,2026-10-07 02:28:25,해외 주식
250730,4,RISE 차이나HSCEI(H),9480,2,5,0.05,9572.0,2.5988,870,8,161,2026-10-07 02:28:25,해외 주식
419650,4,PLUS 글로벌수소&차세대연료전지,4880,2,75,1.56,4786.0,-27.197,4672,22,161,2026-10-07 02:28:25,해외 주식
0233N0,4,RISE 글로벌AI낸드메모리반도체,10725,5,-285,-2.59,10819.0,,269356,2901,161,2026-10-07 02:28:25,해외 주식
131890,2,ACE 삼성그룹동일가중,39920,5,-80,-0.2,39957.0,-6.5093,499,20,160,2026-10-07 02:28:25,국내 업종/테마
265690,4,ACE 러시아MSCI(합성),8535,3,0,0.0,48.0,0.0,0,0,158,2026-10-07 02:28:25,해외 주식
0207Z0,4,KIWOOM 미국우주데이터센터인프라,7460,5,-25,-0.33,7551.0,-18.7738,17544,132,157,2026-10-07 02:28:25,해외 주식
432840,4,HANARO 미국S&P500,19530,2,55,0.28,19528.0,-8.9212,377,7,156,2026-10-07 02:28:25,해외 주식
484890,6,SOL 머니마켓액티브,52705,2,20,0.04,52700.0,0.7361,10729,565,155,2026-10-07 02:28:25,채권/금리
387280,2,TIGER 퓨처모빌리티액티브,12110,5,-235,-1.9,12125.0,0.5702,238,2,154,2026-10-07 02:28:25,국내 업종/테마
244620,2,KODEX 모멘텀Plus,21810,5,-260,-1.18,21881.0,-4.3139,155,3,153,2026-10-07 02:28:25,국내 업종/테마
332620,6,PLUS 미국장기우량회사채,81400,5,-75,-0.09,81518.0,-19.0811,391,31,152,2026-10-07 02:28:25,채권/금리
413930,2,WON AI ESG액티브,27520,5,-310,-1.11,27581.0,-16.3888,2177,60,151,2026-10-07 02:28:25,국내 업종/테마
491510,2,파워 K-주주가치액티브,17730,5,-10,-0.06,17778.0,-1.5354,22,0,151,2026-10-07 02:28:25,국내 업종/테마
130680,5,TIGER 원유선물Enhanced(H),7725,2,105,1.38,7723.0,36.8043,9297,71,151,2026-10-07 02:28:25,원자재/원자재파생
114460,6,ACE 국고채3년,100380,5,-35,-0.03,100406.0,0.5792,52,5,151,2026-10-07 02:28:25,채권/금리
0222F0,2,마이티 AI데이터센터밸류체인,13000,5,-305,-2.29,13006.0,,794,10,150,2026-10-07 02:28:25,국내 업종/테마
0242S0,2,파워 SK그룹,10650,5,-85,-0.79,10643.0,,42749,456,149,2026-10-07 02:28:25,국내 업종/테마
337150,2,KODEX 200exTOP,24845,5,-280,-1.11,24906.0,-9.1138,4,0,149,2026-10-07 02:28:25,국내 업종/테마
453010,7,PLUS KOFR금리,110170,2,10,0.01,110174.0,0.6993,110,12,148,2026-10-07 02:28:25,기타
404650,2,SOL KRX기후변화솔루션,24495,5,-440,-1.76,24394.0,-3.715,8,0,147,2026-10-07 02:28:25,국내 업종/테마
0088N0,2,WON K-글로벌수급상위,11640,5,-20,-0.17,11645.0,1.9676,2381,27,146,2026-10-07 02:28:25,국내 업종/테마
104520,2,KIWOOM 블루칩,14530,5,-125,-0.85,14534.0,-4.5707,340,4,145,2026-10-07 02:28:25,국내 업종/테마
487750,2,BNK 온디바이스AI,36205,5,-990,-2.66,36347.0,3.2047,533,19,145,2026-10-07 02:28:25,국내 업종/테마
234310,2,RISE V&S셀렉트밸류,28800,2,25,0.09,28605.0,-5.8564,2,0,144,2026-10-07 02:28:25,국내 업종/테마
0090B0,2,PLUS K방산소부장,7360,5,-95,-1.27,7354.0,-13.1119,46670,344,144,2026-10-07 02:28:25,국내 업종/테마
0193K0,2,PLUS 삼성전자단일종목레버리지,13015,5,-180,-1.36,13119.0,-37.5976,32234,424,143,2026-10-07 02:28:25,국내 업종/테마
0084E0,7,KIWOOM 미국대형주500월간목표헤지액티브,9865,5,-70,-0.7,9931.0,-12.1598,38,0,143,2026-10-07 02:28:25,기타
373490,2,KODEX 코리아혁신성장액티브,25910,5,-490,-1.86,26030.0,-7.1567,99,2,143,2026-10-07 02:28:25,국내 업종/테마
438900,2,HANARO Fn K-푸드,10800,2,60,0.56,10795.0,0.7011,6434,69,140,2026-10-07 02:28:25,국내 업종/테마
453630,4,KODEX 미국S&P500필수소비재,11595,2,50,0.43,11659.0,-16.0476,3077,35,139,2026-10-07 02:28:25,해외 주식
360150,2,KODEX 코스닥150롱코스피200숏선물,3390,5,-35,-1.02,3389.0,21.2389,36805,125,139,2026-10-07 02:28:25,국내 업종/테마
236350,4,TIGER 인도니프티50레버리지(합성),22120,2,120,0.55,22341.0,-38.1676,61,1,137,2026-10-07 02:28:25,해외 주식
496130,1,TRUSTON 코리아밸류업액티브,25345,2,200,0.8,25079.0,-15.9171,64,1,137,2026-10-07 02:28:25,국내 대표지수
0153P0,2,ACE 리츠부동산인프라액티브,9435,5,-10,-0.11,9423.0,1.1733,184,1,137,2026-10-07 02:28:25,국내 업종/테마
137610,5,TIGER 농산물선물Enhanced(H),5865,2,125,2.18,5856.0,11.5646,4685,27,135,2026-10-07 02:28:25,원자재/원자재파생
0127V0,4,KIWOOM 미국S&P500 TOP10&배당다우비중전환,10730,2,15,0.14,10715.0,-5.1198,295,3,134,2026-10-07 02:28:25,해외 주식
0004G0,4,1Q 미국배당TOP30,8365,2,15,0.18,8347.0,-14.0762,2870,23,134,2026-10-07 02:28:25,해외 주식
279540,2,KODEX 최소변동성,22100,2,35,0.16,21963.0,-4.2245,32,0,133,2026-10-07 02:28:25,국내 업종/테마
102960,2,KODEX 기계장비,13190,5,-460,-3.37,13203.0,-9.0304,1647,22,132,2026-10-07 02:28:25,국내 업종/테마
472720,1,TRUSTON 주주가치액티브,25235,5,-135,-0.53,25254.0,-12.6979,128,3,131,2026-10-07 02:28:25,국내 대표지수
0127T0,4,KIWOOM 미국S&P500&배당다우존스비중전환,10805,2,40,0.37,10777.0,-9.3988,349,3,130,2026-10-07 02:28:25,해외 주식
300610,2,TIGER K게임,5485,2,55,1.01,5501.0,-3.8939,23204,127,129,2026-10-07 02:28:25,국내 업종/테마
0028X0,4,KODEX 미국금융테크액티브,11170,2,95,0.86,11179.0,-8.2823,492,5,128,2026-10-07 02:28:25,해외 주식
290080,3,RISE 200고배당커버드콜ATM,7325,2,35,0.48,7337.0,17.4605,4432,32,128,2026-10-07 02:28:25,국내 파생
363510,6,SOL KIS단기통안채,112410,3,0,0.0,112440.0,0.5906,0,0,128,2026-10-07 02:28:25,채권/금리
417450,4,RISE 글로벌수소경제,15965,2,175,1.11,15927.0,-18.4033,1742,27,128,2026-10-07 02:28:25,해외 주식
140710,2,KODEX 운송,6705,2,5,0.07,6708.0,8.225,7652,51,127,2026-10-07 02:28:25,국내 업종/테마
489860,4,KIWOOM 글로벌전력GRID인프라,14975,2,155,1.05,14922.0,-13.4485,2308,34,127,2026-10-07 02:28:25,해외 주식
0208N0,1,IBK 코스피액티브,7690,5,-95,-1.22,7699.0,-14.3094,7814,61,127,2026-10-07 02:28:25,국내 대표지수
485810,4,TIME 글로벌바이오액티브,11420,5,-335,-2.85,11423.0,-3.3306,2371,27,126,2026-10-07 02:28:25,해외 주식
0013P0,4,RISE 미국은행TOP10,11370,2,25,0.22,11325.0,-17.676,8020,90,125,2026-10-07 02:28:25,해외 주식
166400,3,TIGER 200커버드콜OTM,24900,5,-305,-1.21,24936.0,3.6888,1529,38,125,2026-10-07 02:28:25,국내 파생
0015F0,7,KIWOOM 팔란티어미국30년국채혼합액티브(H),10290,2,20,0.19,10330.0,2.1765,1359,13,123,2026-10-07 02:28:25,기타
404540,2,TIGER KRX기후변화솔루션,24640,5,-495,-1.97,24602.0,-2.6905,11,0,123,2026-10-07 02:28:25,국내 업종/테마
453820,4,KODEX 인도Nifty50레버리지(합성),9470,5,-55,-0.58,9559.0,-34.4009,1905,18,123,2026-10-07 02:28:25,해외 주식
453060,6,HANARO KOFR금리액티브(합성),111765,2,25,0.02,111746.0,0.7256,722,80,123,2026-10-07 02:28:25,채권/금리
457700,6,KODEX 53-09 국고채액티브,9265,2,15,0.16,9293.0,-0.9636,724,6,122,2026-10-07 02:28:25,채권/금리
140580,2,RISE 우량업종대표주,24215,2,130,0.54,24151.0,-8.0901,43,1,121,2026-10-07 02:28:25,국내 업종/테마
435550,7,KIWOOM TDF2050액티브 적격,17290,5,-25,-0.14,17279.0,-10.887,277,4,121,2026-10-07 02:28:25,기타
0220A0,7,KIWOOM 현대차그룹TOP3채권혼합50,8630,5,-100,-1.15,8637.0,,15868,137,121,2026-10-07 02:28:25,기타
251590,2,PLUS 고배당저변동50,17195,2,35,0.2,17197.0,2.1185,680,11,120,2026-10-07 02:28:25,국내 업종/테마
395760,2,PLUS ESG성장주액티브,21705,5,-265,-1.21,21791.0,-10.4363,22,0,119,2026-10-07 02:28:25,국내 업종/테마
396510,4,TIGER 차이나클린에너지SOLACTIVE,6595,2,35,0.53,6616.0,-25.8339,167,1,119,2026-10-07 02:28:25,해외 주식
409810,4,KODEX 미국나스닥100선물인버스(H),5250,3,0,0.0,5247.0,-4.8914,17906,93,118,2026-10-07 02:28:25,해외 주식
282000,3,RISE 국고채3년선물인버스,115100,2,70,0.06,115096.0,0.5243,2,0,117,2026-10-07 02:28:25,국내 파생
400570,4,KODEX 유럽탄소배출권선물ICE(H),11590,2,135,1.18,11620.0,3.1517,281,3,117,2026-10-07 02:28:25,해외 주식
0203D0,7,PLUS 200위클리커버드콜채권혼합,8960,5,-65,-0.72,8981.0,-6.8426,8729,78,116,2026-10-07 02:28:25,기타
332610,6,PLUS 미국단기회사채(AAA~A),121295,5,-325,-0.27,121526.0,-11.9331,64,7,116,2026-10-07 02:28:25,채권/금리
0191S0,1,IBK 코스닥150,15590,5,-360,-2.26,15635.0,6.9751,3774,59,115,2026-10-07 02:28:25,국내 대표지수
266410,2,KODEX 필수소비재,9600,2,170,1.8,9605.0,4.0315,9186,87,115,2026-10-07 02:28:25,국내 업종/테마
0104G0,2,PLUS K방산레버리지,5000,5,-350,-6.54,4993.0,-46.9773,127246,649,115,2026-10-07 02:28:25,국내 업종/테마
0194R0,2,KIWOOM SK하이닉스선물단일종목레버리지,8510,5,-370,-4.17,8564.0,-56.574,6377,54,115,2026-10-07 02:28:25,국내 업종/테마
446700,2,RISE 배터리 리사이클링,10970,5,-200,-1.79,10972.0,14.6228,8257,91,114,2026-10-07 02:28:25,국내 업종/테마
464610,2,SOL 의료기기소부장Fn,7060,2,40,0.57,7061.0,-12.6866,11981,84,113,2026-10-07 02:28:25,국내 업종/테마
430500,7,KIWOOM 물가채KIS,112945,5,-80,-0.07,112850.0,0.124,75,8,113,2026-10-07 02:28:25,기타
428560,4,KODEX 미국ETF산업Top10 Indxx,15045,2,80,0.53,15034.0,-9.1374,1442,21,113,2026-10-07 02:28:25,해외 주식
453660,4,KODEX 미국S&P500경기소비재,16115,2,110,0.69,16240.0,-17.1645,532,8,113,2026-10-07 02:28:25,해외 주식
269370,4,TIGER S&P글로벌인프라(합성),16000,2,220,1.39,15961.0,-19.0748,87,1,112,2026-10-07 02:28:25,해외 주식
269530,4,PLUS S&P글로벌인프라,18625,2,245,1.33,18636.0,-18.5766,187,3,112,2026-10-07 02:28:25,해외 주식
448490,6,HANARO 32-10 국고채액티브,53065,5,-50,-0.09,53128.0,0.1602,2,0,111,2026-10-07 02:28:25,채권/금리
407820,2,에셋플러스 코리아플랫폼액티브,6160,2,90,1.48,6125.0,-13.7785,352,2,111,2026-10-07 02:28:25,국내 업종/테마
252650,1,KODEX 200동일가중,18475,5,-115,-0.62,18483.0,-0.1673,183,3,111,2026-10-07 02:28:25,국내 대표지수
410870,2,TIME K컬처액티브,9150,2,280,3.16,9159.0,-15.2008,8455,76,110,2026-10-07 02:28:25,국내 업종/테마
0000H0,2,KODEX 인도Nifty미드캡100,9420,5,-15,-0.16,9450.0,-17.9505,4681,44,108,2026-10-07 02:28:25,국내 업종/테마
0227L0,4,HANARO 미국에이전틱AI TOP2+,10785,2,45,0.42,10792.0,,13531,145,108,2026-10-07 02:28:25,해외 주식
0002C0,4,에셋플러스 인도일등기업포커스20액티브,9950,2,15,0.15,10022.0,-5.471,883,8,107,2026-10-07 02:28:25,해외 주식
419420,4,KODEX 미국클린에너지나스닥,8955,2,55,0.62,8952.0,-22.7339,5249,46,107,2026-10-07 02:28:25,해외 주식
354240,7,RISE 미국고정배당우선증권,9745,5,-80,-0.81,9759.0,-18.5324,4216,41,107,2026-10-07 02:28:25,기타
482030,2,KoAct 반도체&2차전지핵심소재액티브,10180,5,-295,-2.82,10199.0,12.453,30204,309,107,2026-10-07 02:28:25,국내 업종/테마
252000,1,TIGER 200동일가중,19370,5,-65,-0.33,19337.0,-0.0051,13,0,107,2026-10-07 02:28:25,국내 대표지수
385710,2,TIME K이노베이션액티브,10635,5,-20,-0.19,10636.0,-9.7034,768,8,106,2026-10-07 02:28:25,국내 업종/테마
280920,2,PLUS 주도업종,23495,5,-115,-0.49,23234.0,-10.5343,21,0,106,2026-10-07 02:28:25,국내 업종/테마
140570,2,RISE 수출주,26370,5,-230,-0.86,26299.0,-0.9496,404,10,105,2026-10-07 02:28:25,국내 업종/테마
438740,2,MIDAS 중소형액티브,34980,5,-180,-0.51,34930.0,-3.7899,101,3,105,2026-10-07 02:28:25,국내 업종/테마
0216Z0,2,ACE K방산TOP5+,8710,5,-295,-3.28,8706.0,,46772,411,105,2026-10-07 02:28:25,국내 업종/테마
0068M0,4,KODEX 미국S&P500버퍼6월액티브,11605,3,0,0.0,11647.0,-9.336,6,0,104,2026-10-07 02:28:25,해외 주식
0219B0,2,KoAct 광통신&위성네트워크액티브,13040,5,-460,-3.41,13069.0,,133077,1772,104,2026-10-07 02:28:25,국내 업종/테마
0093B0,4,RISE 엔비디아고정테크100,13000,2,95,0.74,12986.0,-4.5093,3244,42,104,2026-10-07 02:28:25,해외 주식
451150,4,에셋플러스 글로벌영에이지액티브,16745,5,-70,-0.42,16753.0,-14.9039,2,0,104,2026-10-07 02:28:25,해외 주식
463640,4,KODEX 미국S&P500유틸리티,12900,2,330,2.63,12859.0,-21.9189,2565,33,103,2026-10-07 02:28:25,해외 주식
435040,4,ACE 글로벌브랜드TOP10,18735,2,25,0.13,18716.0,-10.6619,440,8,103,2026-10-07 02:28:25,해외 주식
461580,1,TIGER 코스닥글로벌,17165,5,-345,-1.97,17194.0,8.1865,5276,91,103,2026-10-07 02:28:25,국내 대표지수
0227K0,4,RISE 미국우주위성통신,10245,2,195,1.94,10404.0,,26828,276,102,2026-10-07 02:28:25,해외 주식
310080,4,RISE 중국MSCI China(H),8855,5,-65,-0.73,8889.0,0.1122,1384,12,102,2026-10-07 02:28:25,해외 주식
301400,1,PLUS 코스닥150,15620,5,-340,-2.13,15660.0,7.4024,1210,18,102,2026-10-07 02:28:25,국내 대표지수
237440,7,TIGER 경기방어채권혼합,10120,5,-30,-0.3,10177.0,-0.1476,380,3,101,2026-10-07 02:28:25,기타
0189Z0,2,DAISHIN 금융&지주고배당,10090,2,50,0.5,10103.0,-2.561,6,0,101,2026-10-07 02:28:25,국내 업종/테마
0001P0,2,마이티 바이오시밀러&CDMO액티브,8995,5,-130,-1.42,9019.0,-3.1831,153,1,101,2026-10-07 02:28:25,국내 업종/테마
291130,4,ACE MSCI멕시코(합성),16675,2,245,1.49,16759.0,-16.4293,40,0,100,2026-10-07 02:28:25,해외 주식
460270,6,KIWOOM 미국달러SOFR금리액티브(합성),12270,5,-20,-0.16,12263.0,-11.071,19,0,99,2026-10-07 02:28:25,채권/금리
0113G0,4,KoAct 미국바이오헬스케어액티브,10865,5,-365,-3.25,10959.0,-8.5133,5528,60,98,2026-10-07 02:28:25,해외 주식
0224D0,4,KIWOOM 미국CPU반도체TOP4+,10680,5,-85,-0.79,10721.0,,50407,538,96,2026-10-07 02:28:25,해외 주식
371870,4,ACE 차이나항셍테크,5985,5,-65,-1.07,5971.0,-18.3536,159,0,96,2026-10-07 02:28:25,해외 주식
429010,4,TIGER 미국나스닥넥스트100,19140,5,-15,-0.08,19064.0,-12.8526,51,0,96,2026-10-07 02:28:25,해외 주식
181480,7,ACE 미국부동산리츠(합성 H),79430,2,865,1.1,79132.0,-9.3266,68,5,95,2026-10-07 02:28:25,기타
463690,4,KODEX 미국S&P500커뮤니케이션,17320,5,-105,-0.6,17354.0,-10.651,310,5,95,2026-10-07 02:28:25,해외 주식
0120J0,2,BNK 카카오그룹포커스,7620,3,0,0.0,7619.0,-2.5576,3841,29,95,2026-10-07 02:28:25,국내 업종/테마
498050,2,HANARO 바이오코리아액티브,10020,5,-75,-0.74,10025.0,-14.1217,1582,16,95,2026-10-07 02:28:25,국내 업종/테마
466810,2,BNK 2차전지양극재,6320,5,-180,-2.77,6341.0,17.1171,16942,107,95,2026-10-07 02:28:25,국내 업종/테마
0219Z0,4,HANARO 미국S&P500액티브,10495,2,75,0.72,10493.0,,15001,157,94,2026-10-07 02:28:25,해외 주식
230480,7,KIWOOM 미국달러선물인버스2X,4920,2,40,0.82,4909.0,29.2715,2649,13,94,2026-10-07 02:28:25,기타
399580,4,RISE 글로벌클린에너지,9260,2,190,2.09,9275.0,-21.7228,4611,42,93,2026-10-07 02:28:25,해외 주식
105010,4,TIGER 라틴35,6610,5,-150,-2.22,6618.0,-1.0689,23616,155,93,2026-10-07 02:28:25,해외 주식
0194N0,2,KIWOOM 삼성전자선물단일종목레버리지,11905,5,-110,-0.92,11946.0,-37.7013,22662,278,92,2026-10-07 02:28:25,국내 업종/테마
217780,4,TIGER 차이나CSI300인버스(합성),5930,5,-50,-0.84,5951.0,25.1046,73,0,92,2026-10-07 02:28:25,해외 주식
0174R0,4,KIWOOM 미국성장다우존스,11470,2,5,0.04,11475.0,-5.7485,883,10,92,2026-10-07 02:28:25,해외 주식
381570,2,HANARO Fn친환경에너지,10760,5,-280,-2.54,10768.0,11.5151,9621,104,91,2026-10-07 02:28:25,국내 업종/테마
0094L0,4,RISE 차이나테크TOP10위클리타겟커버드콜,6530,5,-20,-0.31,6592.0,-19.1276,6797,44,91,2026-10-07 02:28:25,해외 주식
341850,7,TIGER 리츠부동산인프라채권,4550,5,-15,-0.33,4567.0,0.9941,1700,7,91,2026-10-07 02:28:25,기타
0215T0,4,HANARO 미국AI광통신TOP10,10105,2,105,1.05,10262.0,,39133,399,91,2026-10-07 02:28:25,해외 주식
0216K0,7,KIWOOM 미국우주테크TOP2채권혼합50,9090,5,-95,-1.03,9213.0,,35083,320,91,2026-10-07 02:28:25,기타
354350,4,HANARO 글로벌럭셔리S&P(합성),17475,2,205,1.19,17502.0,-21.5,57,0,91,2026-10-07 02:28:25,해외 주식
270800,2,RISE KQ고배당,16520,5,-15,-0.09,16489.0,5.6226,4925,80,91,2026-10-07 02:28:25,국내 업종/테마
261110,7,TIGER 미국달러선물레버리지,15065,5,-85,-0.56,15096.0,-22.4668,844,12,90,2026-10-07 02:28:25,기타
0084D0,7,KIWOOM 미국테크100월간목표헤지액티브,11275,2,25,0.22,11282.0,-11.0802,196,2,90,2026-10-07 02:28:25,기타
117690,4,TIGER 차이나항셍30,18030,5,-315,-1.72,18195.0,-7.4887,481,8,90,2026-10-07 02:28:25,해외 주식
281990,2,RISE 중소형고배당,17970,2,135,0.76,17979.0,1.4689,20,0,90,2026-10-07 02:28:25,국내 업종/테마
487910,4,ACE 인도컨슈머파워액티브,7485,5,-5,-0.07,7490.0,-19.0708,532,3,90,2026-10-07 02:28:25,해외 주식
266390,2,KODEX 경기소비재,14800,5,-65,-0.44,14750.0,-7.9942,205,3,89,2026-10-07 02:28:25,국내 업종/테마
494180,4,TIME 글로벌소비트렌드액티브,12675,2,25,0.2,12679.0,-11.7545,17,0,89,2026-10-07 02:28:25,해외 주식
0221Z0,2,ACE K바이오코스닥액티브,9690,5,-145,-1.47,9694.0,,37841,372,87,2026-10-07 02:28:25,국내 업종/테마
429980,7,SOL 한국형글로벌전기차&2차전지액티브,17395,2,265,1.55,17506.0,-13.0457,16444,284,87,2026-10-07 02:28:25,기타
395150,2,KODEX 웹툰&드라마,1808,2,12,0.67,1814.0,1.6411,7317,13,87,2026-10-07 02:28:25,국내 업종/테마
456250,4,KODEX 유럽명품TOP10 STOXX,7535,2,40,0.53,7521.0,-24.531,3029,22,87,2026-10-07 02:28:25,해외 주식
215620,2,HK S&P코리아로우볼,16040,2,45,0.28,16186.0,1.5878,8,0,87,2026-10-07 02:28:25,국내 업종/테마
0008E0,4,ACE 미국중심중소형제조업,11535,2,110,0.96,11578.0,-23.1158,231,2,87,2026-10-07 02:28:25,해외 주식
174350,2,TIGER 로우볼,20505,2,90,0.44,20523.0,0.6736,122,2,86,2026-10-07 02:28:25,국내 업종/테마
457930,2,BNK 미래전략기술액티브,28450,3,0,0.0,27962.0,-5.6072,0,0,85,2026-10-07 02:28:25,국내 업종/테마
497510,4,ACE 글로벌빅파마,12165,2,35,0.29,12192.0,-15.7967,1438,17,85,2026-10-07 02:28:25,해외 주식
0184N0,7,PLUS 은채권혼합,8425,3,0,0.0,8456.0,-6.0235,1021,8,84,2026-10-07 02:28:25,기타
139240,2,TIGER 200 철강소재,10260,5,-515,-4.78,10251.0,6.0531,14376,150,84,2026-10-07 02:28:25,국내 업종/테마
0214M0,2,MIDAS 바이오헬스케어액티브,9880,5,-90,-0.9,9857.0,,631,6,84,2026-10-07 02:28:25,국내 업종/테마
449680,7,TIGER 한중전기차(합성),9875,5,-50,-0.5,9861.0,-19.309,1,0,84,2026-10-07 02:28:25,기타
435540,7,KIWOOM TDF2040액티브 적격,16745,5,-40,-0.24,16743.0,-11.2775,1020,17,84,2026-10-07 02:28:25,기타
375270,7,RISE 글로벌데이터센터리츠(합성),12835,2,265,2.11,12788.0,-17.8432,134,1,83,2026-10-07 02:28:25,기타
0133E0,4,TIGER 차이나증권,7900,5,-75,-0.94,7930.0,-21.3899,2244,17,83,2026-10-07 02:28:25,해외 주식
395750,2,PLUS ESG가치주액티브,20570,5,-150,-0.72,20576.0,-12.8313,13,0,82,2026-10-07 02:28:25,국내 업종/테마
182490,6,TIGER 단기선진하이일드(합성 H),13690,2,90,0.66,13663.0,-1.7696,381,5,82,2026-10-07 02:28:25,채권/금리
395280,2,HANARO Fn K-게임,3495,2,65,1.9,3486.0,-6.2842,10116,35,82,2026-10-07 02:28:25,국내 업종/테마
0226D0,7,FOCUS 금융반도체지주채권혼합50액티브,10250,5,-75,-0.73,10268.0,,2378,24,82,2026-10-07 02:28:25,기타
497520,4,ACE 일라이릴리밸류체인,12570,5,-5,-0.04,12592.0,-10.8473,341,4,82,2026-10-07 02:28:25,해외 주식
0176P0,2,FOCUS AI반도체위클리고정커버드콜,14775,5,-200,-1.34,14833.0,0.8285,8975,133,81,2026-10-07 02:28:25,국내 업종/테마
462340,4,에셋플러스 글로벌다이나믹시니어액티브,16240,2,25,0.15,16212.0,-9.9667,6,0,81,2026-10-07 02:28:25,해외 주식
0067Y0,4,TIGER 차이나AI소프트웨어,9015,5,-150,-1.64,9051.0,-24.068,8434,77,81,2026-10-07 02:28:25,해외 주식
0226G0,2,WON 피지컬AI TOP2플러스액티브,12410,5,-220,-1.74,12420.0,,2940,36,81,2026-10-07 02:28:25,국내 업종/테마
304670,6,KODEX 미국30년국채울트라선물인버스(H),13215,2,35,0.27,13215.0,10.6168,171,2,79,2026-10-07 02:28:25,채권/금리
189400,4,PLUS 글로벌MSCI(합성 H),26210,2,135,0.52,25986.0,0.8899,2,0,79,2026-10-07 02:28:25,해외 주식
227550,2,TIGER 200 산업재,12175,5,-375,-2.99,12198.0,-1.1812,15491,190,78,2026-10-07 02:28:25,국내 업종/테마
480460,7,WON 한국부동산TOP3플러스,9125,2,65,0.72,9122.0,-1.0853,249,2,78,2026-10-07 02:28:25,기타
371150,4,RISE 차이나항셍테크,5950,5,-50,-0.83,5952.0,-18.8161,268,1,77,2026-10-07 02:28:25,해외 주식
0218K0,2,BNK 스마트카,10860,5,-275,-2.47,10847.0,,3315,36,76,2026-10-07 02:28:25,국내 업종/테마
285690,2,FOCUS ESG리더스,21695,3,0,0.0,21584.0,-5.6535,0,0,76,2026-10-07 02:28:25,국내 업종/테마
253280,2,RISE 헬스케어,12500,5,-170,-1.34,12524.0,-4.0515,110,1,75,2026-10-07 02:28:25,국내 업종/테마
227570,2,TIGER 우량가치,20770,5,-50,-0.24,20833.0,3.325,643,13,75,2026-10-07 02:28:25,국내 업종/테마
494210,4,SOL 미국500타겟데일리커버드콜액티브,10660,2,25,0.24,10660.0,-8.3147,3026,32,75,2026-10-07 02:28:25,해외 주식
435530,7,KIWOOM TDF2030액티브 적격,14840,5,-25,-0.17,14829.0,-11.4375,53,0,74,2026-10-07 02:28:25,기타
402460,2,HANARO Fn K-메타버스MZ,14835,5,-260,-1.72,14831.0,-2.9074,1038,15,74,2026-10-07 02:28:25,국내 업종/테마
272570,6,RISE 중장기국공채액티브,108220,2,60,0.06,108197.0,0.5344,17,1,74,2026-10-07 02:28:25,채권/금리
0138D0,2,RISE 동학개미,13310,5,-445,-3.24,13329.0,-2.8259,7210,97,73,2026-10-07 02:28:25,국내 업종/테마
488480,4,RISE 일본섹터TOP4Plus,13220,5,-75,-0.56,13181.0,-5.6831,879,11,73,2026-10-07 02:28:25,해외 주식
0005C0,6,RISE 미국S&P500엔화노출(합성 H),11180,2,60,0.54,11098.0,-7.3334,329,3,73,2026-10-07 02:28:25,채권/금리
225800,7,KIWOOM 미국달러선물레버리지,14210,5,-40,-0.28,14195.0,-22.5123,672,9,72,2026-10-07 02:28:25,기타
0172Y0,2,ACE K수출핵심TOP10산업액티브,8995,5,-170,-1.85,9004.0,-16.7197,488,4,72,2026-10-07 02:28:25,국내 업종/테마
487920,4,ACE 인도시장대표BIG5그룹액티브,7120,5,-15,-0.21,7126.0,-19.3786,538,3,71,2026-10-07 02:28:25,해외 주식
437370,4,RISE 글로벌농업경제,10160,2,70,0.69,10104.0,-11.127,3999,40,71,2026-10-07 02:28:25,해외 주식
315270,2,TIGER 200커뮤니케이션서비스,18645,2,90,0.49,18664.0,-5.1478,72,1,71,2026-10-07 02:28:25,국내 업종/테마
225050,4,TIGER 유로스탁스레버리지(합성 H),15680,2,200,1.29,15756.0,-6.0965,81,1,71,2026-10-07 02:28:25,해외 주식
0191B0,1,MIDAS 코스닥액티브,35265,5,-745,-2.07,35343.0,10.3247,6705,235,71,2026-10-07 02:28:25,국내 대표지수
244670,2,KODEX 밸류Plus,11635,2,115,1.0,11624.0,0.0131,24,0,70,2026-10-07 02:28:25,국내 업종/테마
0094X0,4,1Q 샤오미밸류체인액티브,7545,5,-155,-2.01,7586.0,-14.2433,599,4,68,2026-10-07 02:28:25,해외 주식
400590,4,SOL 글로벌탄소배출권선물ICE(합성),13495,3,0,0.0,13599.0,-10.8064,0,0,67,2026-10-07 02:28:25,해외 주식
139660,7,KIWOOM 미국달러선물인버스,8650,3,0,0.0,8655.0,14.7214,1102,9,67,2026-10-07 02:28:25,기타
256450,4,PLUS 심천차이넥스트(합성),13310,2,25,0.19,13400.0,-30.1892,13,0,67,2026-10-07 02:28:25,해외 주식
450180,7,KODEX 한중전기차(합성),10185,3,0,0.0,10143.0,-19.7716,1,0,66,2026-10-07 02:28:25,기타
0082F0,4,HANARO 유럽방산,9355,5,-220,-2.3,9318.0,-16.703,525,4,65,2026-10-07 02:28:25,해외 주식
0036Z0,4,RISE 미국천연가스밸류체인,11860,2,10,0.08,11937.0,-9.3399,1413,16,65,2026-10-07 02:28:25,해외 주식
307510,2,TIGER 의료기기,12915,2,15,0.12,12910.0,-3.1769,1340,17,65,2026-10-07 02:28:25,국내 업종/테마
138920,5,KODEX 콩선물(H),12890,2,310,2.46,12943.0,8.215,796,10,64,2026-10-07 02:28:25,원자재/원자재파생
326230,2,RISE 내수주플러스,11085,2,130,1.19,10993.0,-3.8192,6,0,64,2026-10-07 02:28:25,국내 업종/테마
456200,6,PLUS 미국달러SOFR금리액티브(합성),58270,5,-190,-0.33,58378.0,-11.6318,221,12,64,2026-10-07 02:28:25,채권/금리
139290,2,TIGER 200 경기소비재,22875,5,-195,-0.85,22903.0,-22.4669,4308,98,64,2026-10-07 02:28:25,국내 업종/테마
289670,6,PLUS 국채선물10년,52190,5,-30,-0.06,52216.0,0.0478,108,5,63,2026-10-07 02:28:25,채권/금리
451670,6,RISE 국채30년레버리지(합성),12470,2,40,0.32,12500.0,-5.0421,64,0,62,2026-10-07 02:28:25,채권/금리
368680,2,KODEX K-뉴딜디지털플러스,7790,5,-15,-0.19,7770.0,3.3832,23,0,62,2026-10-07 02:28:25,국내 업종/테마
469530,3,RISE 미국달러선물인버스,9725,2,70,0.73,9696.0,14.0578,2,0,62,2026-10-07 02:28:25,국내 파생
250780,3,TIGER 코스닥150선물인버스,2190,2,35,1.62,2184.0,-14.3142,160762,349,61,2026-10-07 02:28:25,국내 파생
291630,3,KIWOOM 코스닥150선물레버리지,4205,5,-200,-4.54,4214.0,3.0409,86246,370,61,2026-10-07 02:28:25,국내 파생
429740,7,PLUS K리츠,6045,2,30,0.5,6049.0,2.2415,2068,12,60,2026-10-07 02:28:25,기타
0047N0,4,PLUS 차이나AI테크TOP10,8580,5,-185,-2.11,8566.0,-18.5031,743,6,60,2026-10-07 02:28:25,해외 주식
316300,7,ACE 싱가포르리츠,12000,2,115,0.97,12029.0,-16.999,303,3,60,2026-10-07 02:28:25,기타
400580,4,SOL 유럽탄소배출권선물S&P(H),11960,2,235,2.0,11955.0,4.4543,17,0,60,2026-10-07 02:28:25,해외 주식
267450,6,RISE 미국장기국채선물인버스(H),11865,3,0,0.0,11829.0,10.4234,0,0,59,2026-10-07 02:28:25,채권/금리
483020,2,KIWOOM 의료AI,9110,5,-145,-1.57,9102.0,-2.9366,4294,39,59,2026-10-07 02:28:25,국내 업종/테마
0053M0,2,더제이 중소형포커스액티브,13135,2,125,0.96,13159.0,-8.8617,3511,45,59,2026-10-07 02:28:25,국내 업종/테마
314700,2,HANARO 농업융복합산업,10730,5,-55,-0.51,10691.0,-0.4016,230,2,59,2026-10-07 02:28:25,국내 업종/테마
0166T0,4,PLUS 글로벌저작권핵심기업액티브,8980,2,15,0.17,9002.0,-15.94,3,0,58,2026-10-07 02:28:25,해외 주식
433250,1,UNICORN R&D 액티브,23300,5,-420,-1.77,23279.0,-12.0668,11,0,58,2026-10-07 02:28:25,국내 대표지수
0229F0,2,마이티 신약포커스바이오액티브,8825,5,-150,-1.67,8804.0,,5938,52,57,2026-10-07 02:28:25,국내 업종/테마
0114X0,4,RISE 글로벌게임테크TOP3Plus,8790,2,60,0.69,8880.0,0.8665,402,3,57,2026-10-07 02:28:25,해외 주식
407300,2,HANARO Fn골프테마,10230,3,0,0.0,10179.0,-13.9817,0,0,56,2026-10-07 02:28:25,국내 업종/테마
291890,4,KODEX MSCI EM선물(H),12500,2,30,0.24,12464.0,-0.1202,77,0,56,2026-10-07 02:28:25,해외 주식
432600,6,RISE 국채선물3년,55425,2,25,0.05,55400.0,0.5444,1,0,55,2026-10-07 02:28:25,채권/금리
470310,2,UNICORN 생성형AI강소기업액티브,18420,5,-310,-1.66,18417.0,10.9925,102,1,55,2026-10-07 02:28:25,국내 업종/테마
401590,4,HANARO 글로벌탄소배출권선물ICE(합성),10775,2,75,0.7,10821.0,-11.277,2,0,55,2026-10-07 02:28:25,해외 주식
238670,7,PLUS 스마트베타Quality채권혼합,13650,2,15,0.11,13548.0,2.5187,4671,63,55,2026-10-07 02:28:25,기타
499150,4,SOL 미국S&P500엔화노출(H),10765,5,-25,-0.23,10709.0,-6.7639,289,3,54,2026-10-07 02:28:25,해외 주식
0087F0,4,ACE 차이나AI빅테크TOP2+액티브,10575,5,-20,-0.19,10501.0,-24.2674,442,4,53,2026-10-07 02:28:25,해외 주식
0174J0,7,DAISHIN 오피스리츠플러스,8790,5,-25,-0.28,8800.0,0.7581,6887,60,53,2026-10-07 02:28:25,기타
390400,4,KODEX 미국스마트모빌리티S&P,6590,3,0,0.0,6602.0,-22.2292,84,0,53,2026-10-07 02:28:25,해외 주식
220130,4,SOL 차이나강소기업CSI500(합성 H),6550,3,0,0.0,6594.0,-11.6656,1,0,52,2026-10-07 02:28:25,해외 주식
295000,6,RISE 국채선물10년,51380,5,-70,-0.14,51430.0,-0.2134,214,10,51,2026-10-07 02:28:25,채권/금리
0015E0,7,KIWOOM 엔비디아미국30년국채혼합액티브(H),10250,5,-40,-0.39,10319.0,-2.3664,1459,14,51,2026-10-07 02:28:25,기타
490330,4,KoAct 미국치매&뇌질환치료제액티브,12765,5,-125,-0.97,12802.0,-22.4429,497,6,51,2026-10-07 02:28:25,해외 주식
0184V0,2,UNICORN K바이오액티브,5660,5,-60,-1.05,5677.0,-14.1142,15176,86,51,2026-10-07 02:28:25,국내 업종/테마
219900,4,ACE 중국본토CSI300레버리지(합성),3560,5,-15,-0.42,3568.0,-37.2257,1229,4,50,2026-10-07 02:28:25,해외 주식
483030,4,KIWOOM 미국블록버스터바이오테크의약품+,11065,3,0,0.0,11067.0,-13.9474,709,7,50,2026-10-07 02:28:25,해외 주식
0132D0,7,KoAct 글로벌K컬처밸류체인액티브,9050,2,195,2.2,9126.0,-8.3334,114,1,50,2026-10-07 02:28:25,기타
227560,2,TIGER 200 생활소비재,12430,2,160,1.3,12480.0,-2.2639,342,4,50,2026-10-07 02:28:25,국내 업종/테마
413220,4,SOL 차이나태양광CSI(합성),4125,5,-10,-0.24,4152.0,-27.008,106,0,50,2026-10-07 02:28:25,해외 주식
0102X0,4,ACE 유럽방산TOP10,8225,5,-230,-2.72,8224.0,-15.3498,2306,18,49,2026-10-07 02:28:25,해외 주식
476310,4,RISE 글로벌비만산업TOP2+,8845,2,55,0.63,8927.0,-23.3917,20,0,49,2026-10-07 02:28:25,해외 주식
0154H0,4,KoAct 차이나바이오헬스케어액티브,8815,5,-280,-3.08,8840.0,-0.1099,20357,182,48,2026-10-07 02:28:25,해외 주식
0015K0,4,TIGER 미국소비트렌드액티브,6835,3,0,0.0,6829.0,-11.7496,31,0,48,2026-10-07 02:28:25,해외 주식
411860,4,KIWOOM 독일DAX,15665,2,55,0.35,15693.0,-15.7117,223,3,47,2026-10-07 02:28:25,해외 주식
474390,6,SOL 국고채30년액티브,41110,5,-55,-0.13,41172.0,-1.472,83,3,47,2026-10-07 02:28:25,채권/금리
267440,6,RISE 미국장기국채선물(H),7600,5,-10,-0.13,7597.0,-6.4536,12,0,46,2026-10-07 02:28:25,채권/금리
0073X0,5,FOCUS 알리바바미국채커버드콜혼합,8205,2,25,0.31,8220.0,-15.6716,59,0,45,2026-10-07 02:28:25,원자재/원자재파생
391600,4,ACE 미국친환경그린테마,10000,2,100,1.01,10014.0,-21.6773,97,0,45,2026-10-07 02:28:25,해외 주식
266550,2,PLUS 중형주저변동50,17965,2,20,0.11,18064.0,-4.1912,1,0,45,2026-10-07 02:28:25,국내 업종/테마
498610,4,RISE 인도디지털성장,7365,5,-30,-0.41,7451.0,-12.7998,59,0,44,2026-10-07 02:28:25,해외 주식
0078V0,4,PLUS 미국로보택시,8670,5,-50,-0.57,8674.0,-19.2967,757,6,43,2026-10-07 02:28:25,해외 주식
277650,2,TIGER 코스피중형주,21460,5,-15,-0.07,21467.0,1.3688,116,2,43,2026-10-07 02:28:25,국내 업종/테마
0128D0,4,PLUS 차이나항셍테크위클리타겟커버드콜,6050,5,-90,-1.47,6044.0,-16.474,4260,26,42,2026-10-07 02:28:25,해외 주식
205720,4,ACE 일본TOPIX인버스(합성 H),1410,5,-5,-0.35,1417.0,-3.4789,2748,3,42,2026-10-07 02:28:25,해외 주식
0050E0,4,PLUS 미국AI에이전트,8390,2,5,0.06,8436.0,-3.7866,78,0,42,2026-10-07 02:28:25,해외 주식
291680,4,RISE 차이나H선물인버스(H),8140,2,70,0.87,8147.0,-5.003,16,0,41,2026-10-07 02:28:25,해외 주식
373790,4,KIWOOM 미국방어배당성장나스닥,14500,2,45,0.31,14536.0,-15.7784,100,1,41,2026-10-07 02:28:25,해외 주식
252420,3,RISE 200선물인버스2X,77,2,2,2.67,77.0,-5.0633,394404,29,41,2026-10-07 02:28:25,국내 파생
243890,2,TIGER 200에너지화학레버리지,8990,5,-90,-0.99,8958.0,4.0091,20104,178,40,2026-10-07 02:28:25,국내 업종/테마
226380,2,ACE Fn성장소비주도주,5760,2,60,1.05,5763.0,-0.5236,164,0,40,2026-10-07 02:28:25,국내 업종/테마
0131A0,4,SOL 차이나소비트렌드,6820,5,-40,-0.58,6900.0,-17.5481,507,3,38,2026-10-07 02:28:25,해외 주식
244660,2,KODEX 퀄리티Plus,9345,2,105,1.14,9335.0,0.3138,1,0,37,2026-10-07 02:28:25,국내 업종/테마
306530,3,HANARO 코스닥150선물레버리지,8365,5,-440,-5.0,8389.0,4.3246,38996,339,37,2026-10-07 02:28:25,국내 파생
225030,4,TIGER 미국S&P500선물인버스(H),2230,5,-10,-0.45,2222.0,-2.82,73336,163,37,2026-10-07 02:28:25,해외 주식
334690,5,RISE 팔라듐선물(H),5220,5,-25,-0.48,5222.0,-9.2561,452,2,37,2026-10-07 02:28:25,원자재/원자재파생
427120,2,RISE AI플랫폼,5410,5,-65,-1.19,5426.0,9.6096,1812,9,34,2026-10-07 02:28:25,국내 업종/테마
321410,7,KODEX 멀티에셋하이인컴(H),10340,2,25,0.24,10439.0,-2.5928,537,5,31,2026-10-07 02:28:25,기타
0079X0,4,ACE BYD밸류체인액티브,8850,5,-70,-0.78,8857.0,-22.5695,7217,64,31,2026-10-07 02:28:25,해외 주식
267490,6,RISE 미국장기국채선물레버리지(합성 H),4415,2,5,0.11,4425.0,-16.08,50,0,31,2026-10-07 02:28:25,채권/금리
280940,5,KODEX 골드선물인버스(H),3620,5,-5,-0.14,3627.0,-0.5487,638,2,29,2026-10-07 02:28:25,원자재/원자재파생
476000,2,UNICORN 포스트IPO액티브,5210,5,-90,-1.7,5249.0,-17.1875,182,0,29,2026-10-07 02:28:25,국내 업종/테마
145670,3,ACE 인버스,1274,2,17,1.35,1275.0,5.6302,35158,44,28,2026-10-07 02:28:25,국내 파생
252410,3,RISE 200선물인버스,1297,2,18,1.41,1298.0,4.836,38171,49,27,2026-10-07 02:28:25,국내 파생
491630,4,RISE 미국반도체인버스(합성 H),4725,2,15,0.32,4710.0,-6.3619,2115,9,27,2026-10-07 02:28:25,해외 주식
253230,3,KIWOOM 200선물인버스2X,73,2,3,4.29,73.0,-6.6667,996262,71,24,2026-10-07 02:28:25,국내 파생
334700,5,RISE 팔라듐선물인버스(H),3680,5,-15,-0.41,3710.0,4.2313,95,0,24,2026-10-07 02:28:25,원자재/원자재파생
280320,4,ACE 미국IT인터넷(합성 H),22030,2,110,0.5,22201.0,9.3812,14,0,22,2026-10-07 02:28:25,해외 주식
275750,3,RISE 코스닥150선물인버스,2205,2,50,2.32,2206.0,-15.4902,6386,13,21,2026-10-07 02:28:25,국내 파생
291620,3,KIWOOM 코스닥150선물인버스,3870,2,90,2.38,3868.0,-15.9066,11933,45,16,2026-10-07 02:28:25,국내 파생
253240,3,KIWOOM 200선물인버스,1294,2,27,2.13,1295.0,4.7973,11292,14,14,2026-10-07 02:28:25,국내 파생
253160,3,PLUS 200선물인버스2X,148,2,3,2.07,148.0,-6.4517,730492,106,14,2026-10-07 02:28:25,국내 파생
306520,3,HANARO 200선물인버스,2350,2,30,1.29,2354.0,5.2154,7070,16,14,2026-10-07 02:28:25,국내 파생
261920,4,ACE MSCI필리핀(합성),11115,5,-20,-0.18,11187.0,-20.8037,28,0,11,2026-10-07 02:28:25,해외 주식
412560,2,TIGER BBIG레버리지,1640,5,-10,-0.61,1648.0,-6.1968,7108,11,11,2026-10-07 02:28:25,국내 업종/테마
465620,4,ACE 미국빅테크TOP7 Plus인버스(합성),6260,2,15,0.24,6271.0,-2.4981,23,0,6,2026-10-07 02:28:25,해외 주식
